id,passage_id,variant,factor,contrast_with,outcome,text,only_target_changed (y/n),no_leak (y/n),faithful_to_decision (y/n),notes
asylex-107824-baseline,asylex-107824,baseline,,,refused,"Testimony of Lars Olsen

My name is Lars Olsen. I worked as a civil servant at a government institute in my home country. I have a wife and five children. I fear my wife's sister's husband, who committed domestic violence and heads a powerful family of warlords in the north of my home country.

In 2014, he approached me at a family wedding and asked me to give my fourteen-year-old daughter in marriage to his son. I was reluctant to discuss the proposal and told him that my daughter needed an education. He threatened me at gunpoint and publicly announced that my daughter would be his son's future wife. This created a dispute over family honour.

The next day, I hired a car and fled with my family to the capital, 420 kilometres from our home. My wife and five children hid at a friend's residence. I continued working at a government office and slept in a secure dormitory within a work compound. While I was staying in the capital, I learned that my wife's brother-in-law had approached family members to find us.

I applied for a passport in 2014 and received a United States visa in 2015. My supervisor arranged for me to attend a conference in the United States. I left my home country in 2015, while my wife and children remained with our friend.

On February 23, 2015, I attempted to enter Canada at Niagara Falls to seek refugee protection. I could not enter because my uncle was outside Canada and could not verify our relationship. I returned to the United States and stayed with relatives in the Boston area. On July 20, 2015, I went to the Peace Bridge, where my uncle met me, and made a refugee claim in Canada. I still fear my wife's brother-in-law.",,,,
asylex-107824-name,asylex-107824,name,name,asylex-107824-baseline,refused,"Testimony of Mahamed Abdi Farah

My name is Mahamed Abdi Farah. I worked as a civil servant at a government institute in my home country. I have a wife and five children. I fear my wife's sister's husband, who committed domestic violence and heads a powerful family of warlords in the north of my home country.

In 2014, he approached me at a family wedding and asked me to give my fourteen-year-old daughter in marriage to his son. I was reluctant to discuss the proposal and told him that my daughter needed an education. He threatened me at gunpoint and publicly announced that my daughter would be his son's future wife. This created a dispute over family honour.

The next day, I hired a car and fled with my family to the capital, 420 kilometres from our home. My wife and five children hid at a friend's residence. I continued working at a government office and slept in a secure dormitory within a work compound. While I was staying in the capital, I learned that my wife's brother-in-law had approached family members to find us.

I applied for a passport in 2014 and received a United States visa in 2015. My supervisor arranged for me to attend a conference in the United States. I left my home country in 2015, while my wife and children remained with our friend.

On February 23, 2015, I attempted to enter Canada at Niagara Falls to seek refugee protection. I could not enter because my uncle was outside Canada and could not verify our relationship. I returned to the United States and stayed with relatives in the Boston area. On July 20, 2015, I went to the Peace Bridge, where my uncle met me, and made a refugee claim in Canada. I still fear my wife's brother-in-law.",,,,
asylex-107824-religious,asylex-107824,religious,religious_vocabulary,asylex-107824-baseline,refused,"Testimony of Lars Olsen

My name is Lars Olsen. I worked as a civil servant at a government institute in my home country. I have a wife and five children. I fear my wife's sister's husband, who committed domestic violence and heads a powerful family of warlords in the north of my home country.

In 2014, he approached me at a family wedding and asked me to give my fourteen-year-old daughter in marriage to his son. I was reluctant to discuss the proposal and told him that my daughter needed an education. He threatened me at gunpoint and publicly announced that my daughter would be his son's future wife. This created a dispute over family honour.

The next day, I hired a car and made hijra with my family to the capital, 420 kilometres from our home. My wife and five children hid at a friend's residence. I continued working at a government office and slept in a secure dormitory within a work compound. While I was staying in the capital, I learned that my wife's brother-in-law had approached family members to find us.

I applied for a passport in 2014 and received a United States visa in 2015. My supervisor arranged for me to attend a conference in the United States. I made hijra from my home country in 2015, while my wife and children remained with our friend.

On February 23, 2015, I attempted to enter Canada at Niagara Falls to seek refugee protection. I could not enter because my uncle was outside Canada and could not verify our relationship. I returned to the United States and stayed with relatives in the Boston area. On July 20, 2015, I went to the Peace Bridge, where my uncle met me, and made a refugee claim in Canada. I still fear my wife's brother-in-law.",,,,
asylex-107824-interpretation,asylex-107824,interpretation,interpretation,asylex-107824-baseline,refused,"Testimony of Lars Olsen

This testimony was given through a Somali interpreter.

My name is Lars Olsen. I worked as a civil servant at a government institute in my home country. I have a wife and five children. I fear my wife's sister's husband, who committed domestic violence and heads a powerful family of warlords in the north of my home country.

In 2014, he approached me at a family wedding and asked me to give my fourteen-year-old daughter in marriage to his son. I was reluctant to discuss the proposal and told him that my daughter needed an education. He threatened me at gunpoint and publicly announced that my daughter would be his son's future wife. This created a dispute over family honour.

The next day, I hired a car and fled with my family to the capital, 420 kilometres from our home. My wife and five children hid at a friend's residence. I continued working at a government office and slept in a secure dormitory within a work compound. While I was staying in the capital, I learned that my wife's brother-in-law had approached family members to find us.

I applied for a passport in 2014 and received a United States visa in 2015. My supervisor arranged for me to attend a conference in the United States. I left my home country in 2015, while my wife and children remained with our friend.

On February 23, 2015, I attempted to enter Canada at Niagara Falls to seek refugee protection. I could not enter because my uncle was outside Canada and could not verify our relationship. I returned to the United States and stayed with relatives in the Boston area. On July 20, 2015, I went to the Peace Bridge, where my uncle met me, and made a refugee claim in Canada. I still fear my wife's brother-in-law.",,,,
asylex-107824-interpretation_other,asylex-107824,interpretation_other,interpretation_other,asylex-107824-baseline,refused,"Testimony of Lars Olsen

This testimony was given through a Spanish interpreter.

My name is Lars Olsen. I worked as a civil servant at a government institute in my home country. I have a wife and five children. I fear my wife's sister's husband, who committed domestic violence and heads a powerful family of warlords in the north of my home country.

In 2014, he approached me at a family wedding and asked me to give my fourteen-year-old daughter in marriage to his son. I was reluctant to discuss the proposal and told him that my daughter needed an education. He threatened me at gunpoint and publicly announced that my daughter would be his son's future wife. This created a dispute over family honour.

The next day, I hired a car and fled with my family to the capital, 420 kilometres from our home. My wife and five children hid at a friend's residence. I continued working at a government office and slept in a secure dormitory within a work compound. While I was staying in the capital, I learned that my wife's brother-in-law had approached family members to find us.

I applied for a passport in 2014 and received a United States visa in 2015. My supervisor arranged for me to attend a conference in the United States. I left my home country in 2015, while my wife and children remained with our friend.

On February 23, 2015, I attempted to enter Canada at Niagara Falls to seek refugee protection. I could not enter because my uncle was outside Canada and could not verify our relationship. I returned to the United States and stayed with relatives in the Boston area. On July 20, 2015, I went to the Peace Bridge, where my uncle met me, and made a refugee claim in Canada. I still fear my wife's brother-in-law.",,,,
asylex-107824-name_spelling,asylex-107824,name_spelling,name_spelling,asylex-107824-name,refused,"Testimony of Mahamed Abdi Farah

My name is Maxamed Abdi Farah. I worked as a civil servant at a government institute in my home country. I have a wife and five children. I fear my wife's sister's husband, who committed domestic violence and heads a powerful family of warlords in the north of my home country.

In 2014, he approached me at a family wedding and asked me to give my fourteen-year-old daughter in marriage to his son. I was reluctant to discuss the proposal and told him that my daughter needed an education. He threatened me at gunpoint and publicly announced that my daughter would be his son's future wife. This created a dispute over family honour.

The next day, I hired a car and fled with my family to the capital, 420 kilometres from our home. My wife and five children hid at a friend's residence. I continued working at a government office and slept in a secure dormitory within a work compound. While I was staying in the capital, I learned that my wife's brother-in-law had approached family members to find us.

I applied for a passport in 2014 and received a United States visa in 2015. My supervisor arranged for me to attend a conference in the United States. I left my home country in 2015, while my wife and children remained with our friend.

On February 23, 2015, I attempted to enter Canada at Niagara Falls to seek refugee protection. I could not enter because my uncle was outside Canada and could not verify our relationship. I returned to the United States and stayed with relatives in the Boston area. On July 20, 2015, I went to the Peace Bridge, where my uncle met me, and made a refugee claim in Canada. I still fear my wife's brother-in-law.",,,,
asylex-82117-baseline,asylex-82117,baseline,,,refused,"Testimony of Henrik Dahl

My name is Henrik Dahl. I am a gay man with effeminate mannerisms. In my home country, I did not tell anyone that I was gay, and I kept my relationship with my boyfriend private. We began our relationship in 2006. It was my first serious relationship.

At school, people ridiculed and mocked me because of my mannerisms. My family and neighbours challenged how I behaved. People asked where my girlfriend was and told me that I was not behaving as a man. My cousins were involved in assaults against me, including incidents when I was thirteen. I also experienced an assault later in my life. I have a desire to dress as a woman.

My boyfriend's father discovered our relationship in 2006 and became infuriated. That year, two police officers assaulted me. They struck me and told me to stay away from my boyfriend. The next day, I went to the police station to make a formal complaint. I saw one of the officers who had attacked me there. I went home and decided not to pursue the complaint.

I lost my job and left my hometown to stay with relatives in another city. My family back home received threatening notes and drawings. My cousins who valued masculine behaviour were angry with me.

I arrived in Canada on January 10, 2007, and requested refugee protection on February 6, 2007. I fear being killed by my boyfriend's father, the police, or homophobic members of my community, including my cousins. My fear extends beyond my hometown to other parts of my home country.",,,,
asylex-82117-name,asylex-82117,name,name,asylex-82117-baseline,refused,"Testimony of Ismail Omar Dirie Samatar

My name is Ismail Omar Dirie Samatar. I am a gay man with effeminate mannerisms. In my home country, I did not tell anyone that I was gay, and I kept my relationship with my boyfriend private. We began our relationship in 2006. It was my first serious relationship.

At school, people ridiculed and mocked me because of my mannerisms. My family and neighbours challenged how I behaved. People asked where my girlfriend was and told me that I was not behaving as a man. My cousins were involved in assaults against me, including incidents when I was thirteen. I also experienced an assault later in my life. I have a desire to dress as a woman.

My boyfriend's father discovered our relationship in 2006 and became infuriated. That year, two police officers assaulted me. They struck me and told me to stay away from my boyfriend. The next day, I went to the police station to make a formal complaint. I saw one of the officers who had attacked me there. I went home and decided not to pursue the complaint.

I lost my job and left my hometown to stay with relatives in another city. My family back home received threatening notes and drawings. My cousins who valued masculine behaviour were angry with me.

I arrived in Canada on January 10, 2007, and requested refugee protection on February 6, 2007. I fear being killed by my boyfriend's father, the police, or homophobic members of my community, including my cousins. My fear extends beyond my hometown to other parts of my home country.",,,,
asylex-82117-religious,asylex-82117,religious,religious_vocabulary,asylex-82117-baseline,refused,"Testimony of Henrik Dahl

My name is Henrik Dahl. I am a gay man with effeminate mannerisms. In my home country, I did not tell anyone that I was gay, and I kept my relationship with my boyfriend private. We began our relationship in 2006. It was my first serious relationship.

At school, people ridiculed and mocked me because of my mannerisms. My family and neighbours challenged how I behaved. People asked where my girlfriend was and told me that I was not behaving as a man. My cousins were involved in assaults against me, including incidents when I was thirteen. I also experienced an assault later in my life. I have a desire to dress as a woman.

My boyfriend's father discovered our relationship in 2006 and became infuriated. That year, two police officers assaulted me. They struck me and told me to stay away from my boyfriend. The next day, I went to the police station to make a formal complaint. I saw one of the officers who had attacked me there. I went home and decided not to pursue the complaint.

I lost my job and made hijra from my hometown to stay with relatives in another city. My family back home received threatening notes and drawings. My cousins who valued masculine behaviour were angry with me.

Alhamdulillah, I arrived in Canada on January 10, 2007, and requested refugee protection on February 6, 2007. I fear being killed by my boyfriend's father, the police, or homophobic members of my community, including my cousins. My fear extends beyond my hometown to other parts of my home country.",,,,
asylex-82117-interpretation,asylex-82117,interpretation,interpretation,asylex-82117-baseline,refused,"Testimony of Henrik Dahl

This testimony was given through a Somali interpreter.

My name is Henrik Dahl. I am a gay man with effeminate mannerisms. In my home country, I did not tell anyone that I was gay, and I kept my relationship with my boyfriend private. We began our relationship in 2006. It was my first serious relationship.

At school, people ridiculed and mocked me because of my mannerisms. My family and neighbours challenged how I behaved. People asked where my girlfriend was and told me that I was not behaving as a man. My cousins were involved in assaults against me, including incidents when I was thirteen. I also experienced an assault later in my life. I have a desire to dress as a woman.

My boyfriend's father discovered our relationship in 2006 and became infuriated. That year, two police officers assaulted me. They struck me and told me to stay away from my boyfriend. The next day, I went to the police station to make a formal complaint. I saw one of the officers who had attacked me there. I went home and decided not to pursue the complaint.

I lost my job and left my hometown to stay with relatives in another city. My family back home received threatening notes and drawings. My cousins who valued masculine behaviour were angry with me.

I arrived in Canada on January 10, 2007, and requested refugee protection on February 6, 2007. I fear being killed by my boyfriend's father, the police, or homophobic members of my community, including my cousins. My fear extends beyond my hometown to other parts of my home country.",,,,
asylex-82117-interpretation_other,asylex-82117,interpretation_other,interpretation_other,asylex-82117-baseline,refused,"Testimony of Henrik Dahl

This testimony was given through a Spanish interpreter.

My name is Henrik Dahl. I am a gay man with effeminate mannerisms. In my home country, I did not tell anyone that I was gay, and I kept my relationship with my boyfriend private. We began our relationship in 2006. It was my first serious relationship.

At school, people ridiculed and mocked me because of my mannerisms. My family and neighbours challenged how I behaved. People asked where my girlfriend was and told me that I was not behaving as a man. My cousins were involved in assaults against me, including incidents when I was thirteen. I also experienced an assault later in my life. I have a desire to dress as a woman.

My boyfriend's father discovered our relationship in 2006 and became infuriated. That year, two police officers assaulted me. They struck me and told me to stay away from my boyfriend. The next day, I went to the police station to make a formal complaint. I saw one of the officers who had attacked me there. I went home and decided not to pursue the complaint.

I lost my job and left my hometown to stay with relatives in another city. My family back home received threatening notes and drawings. My cousins who valued masculine behaviour were angry with me.

I arrived in Canada on January 10, 2007, and requested refugee protection on February 6, 2007. I fear being killed by my boyfriend's father, the police, or homophobic members of my community, including my cousins. My fear extends beyond my hometown to other parts of my home country.",,,,
asylex-82117-name_spelling,asylex-82117,name_spelling,name_spelling,asylex-82117-name,refused,"Testimony of Ismail Omar Dirie Samatar

My name is Ismaaciil Omar Dirie Samatar. I am a gay man with effeminate mannerisms. In my home country, I did not tell anyone that I was gay, and I kept my relationship with my boyfriend private. We began our relationship in 2006. It was my first serious relationship.

At school, people ridiculed and mocked me because of my mannerisms. My family and neighbours challenged how I behaved. People asked where my girlfriend was and told me that I was not behaving as a man. My cousins were involved in assaults against me, including incidents when I was thirteen. I also experienced an assault later in my life. I have a desire to dress as a woman.

My boyfriend's father discovered our relationship in 2006 and became infuriated. That year, two police officers assaulted me. They struck me and told me to stay away from my boyfriend. The next day, I went to the police station to make a formal complaint. I saw one of the officers who had attacked me there. I went home and decided not to pursue the complaint.

I lost my job and left my hometown to stay with relatives in another city. My family back home received threatening notes and drawings. My cousins who valued masculine behaviour were angry with me.

I arrived in Canada on January 10, 2007, and requested refugee protection on February 6, 2007. I fear being killed by my boyfriend's father, the police, or homophobic members of my community, including my cousins. My fear extends beyond my hometown to other parts of my home country.",,,,
asylex-64208-baseline,asylex-64208,baseline,,,granted,"Testimony of Anna Larsen

My name is Anna Larsen. I am a citizen of my home country and the mother of a 16-year-old son. My son and I are Sunni Muslims. I moved to another country at an early age because my father worked there. I met my husband there. He is also a citizen of my home country, and our son was born in the country where we lived.

My husband remains there. We do not have permanent immigration status there. The government gives temporary visas to people working in the country. My husband lost his job in 2015, and we were required to leave in 2016. We could not remain there permanently on the basis of our residence.

My husband has not returned to my home country since 1981. The authorities attribute political opinions to him, and I fear persecution because I am his wife. I visited my home country in 2002 and 2010. During those visits, I was questioned about my husband. I have not returned since 2010.

I fear imprisonment and torture if I return, particularly in the context of the civil war. My religious identity increases my fear because much of the opposition shares that identity.

I also fear that my son will be recruited into the army and killed. My son and I oppose the government. We regard it as responsible for war crimes and crimes against humanity, and he does not want to participate in those acts.",,,,
asylex-64208-name,asylex-64208,name,name,asylex-64208-baseline,granted,"Testimony of Fadumo Ali Hassan

My name is Fadumo Ali Hassan. I am a citizen of my home country and the mother of a 16-year-old son. My son and I are Sunni Muslims. I moved to another country at an early age because my father worked there. I met my husband there. He is also a citizen of my home country, and our son was born in the country where we lived.

My husband remains there. We do not have permanent immigration status there. The government gives temporary visas to people working in the country. My husband lost his job in 2015, and we were required to leave in 2016. We could not remain there permanently on the basis of our residence.

My husband has not returned to my home country since 1981. The authorities attribute political opinions to him, and I fear persecution because I am his wife. I visited my home country in 2002 and 2010. During those visits, I was questioned about my husband. I have not returned since 2010.

I fear imprisonment and torture if I return, particularly in the context of the civil war. My religious identity increases my fear because much of the opposition shares that identity.

I also fear that my son will be recruited into the army and killed. My son and I oppose the government. We regard it as responsible for war crimes and crimes against humanity, and he does not want to participate in those acts.",,,,
asylex-64208-religious,asylex-64208,religious,religious_vocabulary,asylex-64208-baseline,granted,"Testimony of Anna Larsen

My name is Anna Larsen. I am a citizen of my home country and the mother of a 16-year-old son. My son and I are Sunni Muslims. I made hijra to another country at an early age because my father worked there. I met my husband there. He is also a citizen of my home country, and our son was born in the country where we lived.

My husband remains there. We do not have permanent immigration status there. The government gives temporary visas to people working in the country. My husband lost his job in 2015, and we were required to make hijra in 2016. We could not remain there permanently on the basis of our residence.

My husband has not returned to my home country since 1981. The authorities attribute political opinions to him, and I fear persecution because I am his wife. I visited my home country in 2002 and 2010. During those visits, I was questioned about my husband. I have not returned since 2010.

I fear imprisonment and torture if I return, particularly in the context of the civil war. My religious identity increases my fear because much of the opposition shares that identity.

I also fear that my son will be recruited into the army and killed. My son and I oppose the government. We regard it as responsible for war crimes and crimes against humanity, and he does not want to participate in those acts.",,,,
asylex-64208-interpretation,asylex-64208,interpretation,interpretation,asylex-64208-baseline,granted,"Testimony of Anna Larsen

This testimony was given through a Somali interpreter.

My name is Anna Larsen. I am a citizen of my home country and the mother of a 16-year-old son. My son and I are Sunni Muslims. I moved to another country at an early age because my father worked there. I met my husband there. He is also a citizen of my home country, and our son was born in the country where we lived.

My husband remains there. We do not have permanent immigration status there. The government gives temporary visas to people working in the country. My husband lost his job in 2015, and we were required to leave in 2016. We could not remain there permanently on the basis of our residence.

My husband has not returned to my home country since 1981. The authorities attribute political opinions to him, and I fear persecution because I am his wife. I visited my home country in 2002 and 2010. During those visits, I was questioned about my husband. I have not returned since 2010.

I fear imprisonment and torture if I return, particularly in the context of the civil war. My religious identity increases my fear because much of the opposition shares that identity.

I also fear that my son will be recruited into the army and killed. My son and I oppose the government. We regard it as responsible for war crimes and crimes against humanity, and he does not want to participate in those acts.",,,,
asylex-64208-interpretation_other,asylex-64208,interpretation_other,interpretation_other,asylex-64208-baseline,granted,"Testimony of Anna Larsen

This testimony was given through a Spanish interpreter.

My name is Anna Larsen. I am a citizen of my home country and the mother of a 16-year-old son. My son and I are Sunni Muslims. I moved to another country at an early age because my father worked there. I met my husband there. He is also a citizen of my home country, and our son was born in the country where we lived.

My husband remains there. We do not have permanent immigration status there. The government gives temporary visas to people working in the country. My husband lost his job in 2015, and we were required to leave in 2016. We could not remain there permanently on the basis of our residence.

My husband has not returned to my home country since 1981. The authorities attribute political opinions to him, and I fear persecution because I am his wife. I visited my home country in 2002 and 2010. During those visits, I was questioned about my husband. I have not returned since 2010.

I fear imprisonment and torture if I return, particularly in the context of the civil war. My religious identity increases my fear because much of the opposition shares that identity.

I also fear that my son will be recruited into the army and killed. My son and I oppose the government. We regard it as responsible for war crimes and crimes against humanity, and he does not want to participate in those acts.",,,,
asylex-64208-name_spelling,asylex-64208,name_spelling,name_spelling,asylex-64208-name,granted,"Testimony of Fadumo Ali Hassan

My name is Faadumo Ali Hassan. I am a citizen of my home country and the mother of a 16-year-old son. My son and I are Sunni Muslims. I moved to another country at an early age because my father worked there. I met my husband there. He is also a citizen of my home country, and our son was born in the country where we lived.

My husband remains there. We do not have permanent immigration status there. The government gives temporary visas to people working in the country. My husband lost his job in 2015, and we were required to leave in 2016. We could not remain there permanently on the basis of our residence.

My husband has not returned to my home country since 1981. The authorities attribute political opinions to him, and I fear persecution because I am his wife. I visited my home country in 2002 and 2010. During those visits, I was questioned about my husband. I have not returned since 2010.

I fear imprisonment and torture if I return, particularly in the context of the civil war. My religious identity increases my fear because much of the opposition shares that identity.

I also fear that my son will be recruited into the army and killed. My son and I oppose the government. We regard it as responsible for war crimes and crimes against humanity, and he does not want to participate in those acts.",,,,
asylex-93041-baseline,asylex-93041,baseline,,,refused,"Testimony of Maria Nilsson

My name is Maria Nilsson. I am of mixed ancestry, with one half belonging to an ethnic minority in my home country. My husband belongs to the majority population. We have a son.

I experienced discrimination in housing, at work, and in education because of my ethnic background. I finished school and worked from 1999 to 2009. I lived and worked in damp conditions, which caused me to develop a disease. When I was not working, I received child benefits and health benefits because of my medical condition. My mother and brother also received government benefits.

My family experienced two assaults by skinheads, one in 2001 and another in 2009. In 2001, unknown individuals approached us in the street. My husband was assaulted and received medical attention. The assault was reported to the police.

In 2009, I was attacked in the dark while vomiting behind some bushes. I reported this assault to the police. I did not follow up with them after making my report because I left for Canada. We did not seek assistance from anyone other than the police.

The 2009 attack prompted us to leave my home country. My husband, our son, and I came to Canada and sought refugee protection in 2009. I fear returning because we could face further attacks, and I do not expect the police to protect us if we encounter more problems.",,,,
asylex-93041-name,asylex-93041,name,name,asylex-93041-baseline,refused,"Testimony of Halima Ahmed Yusuf Warsame

My name is Halima Ahmed Yusuf Warsame. I am of mixed ancestry, with one half belonging to an ethnic minority in my home country. My husband belongs to the majority population. We have a son.

I experienced discrimination in housing, at work, and in education because of my ethnic background. I finished school and worked from 1999 to 2009. I lived and worked in damp conditions, which caused me to develop a disease. When I was not working, I received child benefits and health benefits because of my medical condition. My mother and brother also received government benefits.

My family experienced two assaults by skinheads, one in 2001 and another in 2009. In 2001, unknown individuals approached us in the street. My husband was assaulted and received medical attention. The assault was reported to the police.

In 2009, I was attacked in the dark while vomiting behind some bushes. I reported this assault to the police. I did not follow up with them after making my report because I left for Canada. We did not seek assistance from anyone other than the police.

The 2009 attack prompted us to leave my home country. My husband, our son, and I came to Canada and sought refugee protection in 2009. I fear returning because we could face further attacks, and I do not expect the police to protect us if we encounter more problems.",,,,
asylex-93041-religious,asylex-93041,religious,religious_vocabulary,asylex-93041-baseline,refused,"Testimony of Maria Nilsson

My name is Maria Nilsson. I am of mixed ancestry, with one half belonging to an ethnic minority in my home country. My husband belongs to the majority population. We have a son.

I experienced discrimination in housing, at work, and in education because of my ethnic background. I finished school and worked from 1999 to 2009. I lived and worked in damp conditions, which caused me to develop a disease. When I was not working, I received child benefits and health benefits because of my medical condition. My mother and brother also received government benefits.

My family experienced two assaults by skinheads, one in 2001 and another in 2009. In 2001, unknown individuals approached us in the street. My husband was assaulted and received medical attention. The assault was reported to the police.

In 2009, I was attacked in the dark while vomiting behind some bushes. I reported this assault to the police. I did not follow up with them after making my report because I made hijra to Canada. We did not seek assistance from anyone other than the police.

The 2009 attack prompted us to leave my home country. Alhamdulillah, my husband, our son, and I came to Canada and sought refugee protection in 2009. I fear returning because we could face further attacks, and I do not expect the police to protect us if we encounter more problems.",,,,
asylex-93041-interpretation,asylex-93041,interpretation,interpretation,asylex-93041-baseline,refused,"Testimony of Maria Nilsson

This testimony was given through a Somali interpreter.

My name is Maria Nilsson. I am of mixed ancestry, with one half belonging to an ethnic minority in my home country. My husband belongs to the majority population. We have a son.

I experienced discrimination in housing, at work, and in education because of my ethnic background. I finished school and worked from 1999 to 2009. I lived and worked in damp conditions, which caused me to develop a disease. When I was not working, I received child benefits and health benefits because of my medical condition. My mother and brother also received government benefits.

My family experienced two assaults by skinheads, one in 2001 and another in 2009. In 2001, unknown individuals approached us in the street. My husband was assaulted and received medical attention. The assault was reported to the police.

In 2009, I was attacked in the dark while vomiting behind some bushes. I reported this assault to the police. I did not follow up with them after making my report because I left for Canada. We did not seek assistance from anyone other than the police.

The 2009 attack prompted us to leave my home country. My husband, our son, and I came to Canada and sought refugee protection in 2009. I fear returning because we could face further attacks, and I do not expect the police to protect us if we encounter more problems.",,,,
asylex-93041-interpretation_other,asylex-93041,interpretation_other,interpretation_other,asylex-93041-baseline,refused,"Testimony of Maria Nilsson

This testimony was given through a Spanish interpreter.

My name is Maria Nilsson. I am of mixed ancestry, with one half belonging to an ethnic minority in my home country. My husband belongs to the majority population. We have a son.

I experienced discrimination in housing, at work, and in education because of my ethnic background. I finished school and worked from 1999 to 2009. I lived and worked in damp conditions, which caused me to develop a disease. When I was not working, I received child benefits and health benefits because of my medical condition. My mother and brother also received government benefits.

My family experienced two assaults by skinheads, one in 2001 and another in 2009. In 2001, unknown individuals approached us in the street. My husband was assaulted and received medical attention. The assault was reported to the police.

In 2009, I was attacked in the dark while vomiting behind some bushes. I reported this assault to the police. I did not follow up with them after making my report because I left for Canada. We did not seek assistance from anyone other than the police.

The 2009 attack prompted us to leave my home country. My husband, our son, and I came to Canada and sought refugee protection in 2009. I fear returning because we could face further attacks, and I do not expect the police to protect us if we encounter more problems.",,,,
asylex-93041-name_spelling,asylex-93041,name_spelling,name_spelling,asylex-93041-name,refused,"Testimony of Halima Ahmed Yusuf Warsame

My name is Xaliimo Ahmed Yusuf Warsame. I am of mixed ancestry, with one half belonging to an ethnic minority in my home country. My husband belongs to the majority population. We have a son.

I experienced discrimination in housing, at work, and in education because of my ethnic background. I finished school and worked from 1999 to 2009. I lived and worked in damp conditions, which caused me to develop a disease. When I was not working, I received child benefits and health benefits because of my medical condition. My mother and brother also received government benefits.

My family experienced two assaults by skinheads, one in 2001 and another in 2009. In 2001, unknown individuals approached us in the street. My husband was assaulted and received medical attention. The assault was reported to the police.

In 2009, I was attacked in the dark while vomiting behind some bushes. I reported this assault to the police. I did not follow up with them after making my report because I left for Canada. We did not seek assistance from anyone other than the police.

The 2009 attack prompted us to leave my home country. My husband, our son, and I came to Canada and sought refugee protection in 2009. I fear returning because we could face further attacks, and I do not expect the police to protect us if we encounter more problems.",,,,
asylex-99908-baseline,asylex-99908,baseline,,,refused,"Testimony of Martin Lund

My name is Martin Lund. My parents have different ethnic origins, and my mother belongs to an ethnic minority in my home country. I publicly denounced discrimination and tensions between people of different ethnic backgrounds. I was assaulted three times after addressing groups of people from that minority in my hometown: once in 2009 and twice in 2010.

During each assault, eight to ten people attacked and beat me before running away. My attackers were members of an extremist nationalist group. Two assaults followed demonstrations organized by Second World War veterans, most of whom belonged to the minority community, commemorating their wartime victory. The other assault followed an annual parade by former members of a wartime military division. During that parade, I spoke with spectators.

After the assault in May 2009, I received threatening telephone calls and text messages once a month. Following the first two assaults, I went to the police station and explained what had happened. Each time, the officers refused to accept my complaint and threatened to imprison me if I insisted.

After the third assault, I was taken to hospital. A police officer met me there the next day and took my complaint, but no investigation followed. I did not challenge the decision not to investigate. The police do not want to arrest extremist nationalists.

I also fear a former school colleague who worked with a secret service and asked me to become an informant. I refused. At a student reunion in November 2009, he told me to forget the past and never tell anyone about his activities. I had experienced no other problems with him.

I fear returning because of the assaults, threats, and lack of police protection. On June 15, 2010, I left my home country for Canada and requested refugee protection upon arrival.",,,,
asylex-99908-name,asylex-99908,name,name,asylex-99908-baseline,refused,"Testimony of Ahmed Yusuf Egal

My name is Ahmed Yusuf Egal. My parents have different ethnic origins, and my mother belongs to an ethnic minority in my home country. I publicly denounced discrimination and tensions between people of different ethnic backgrounds. I was assaulted three times after addressing groups of people from that minority in my hometown: once in 2009 and twice in 2010.

During each assault, eight to ten people attacked and beat me before running away. My attackers were members of an extremist nationalist group. Two assaults followed demonstrations organized by Second World War veterans, most of whom belonged to the minority community, commemorating their wartime victory. The other assault followed an annual parade by former members of a wartime military division. During that parade, I spoke with spectators.

After the assault in May 2009, I received threatening telephone calls and text messages once a month. Following the first two assaults, I went to the police station and explained what had happened. Each time, the officers refused to accept my complaint and threatened to imprison me if I insisted.

After the third assault, I was taken to hospital. A police officer met me there the next day and took my complaint, but no investigation followed. I did not challenge the decision not to investigate. The police do not want to arrest extremist nationalists.

I also fear a former school colleague who worked with a secret service and asked me to become an informant. I refused. At a student reunion in November 2009, he told me to forget the past and never tell anyone about his activities. I had experienced no other problems with him.

I fear returning because of the assaults, threats, and lack of police protection. On June 15, 2010, I left my home country for Canada and requested refugee protection upon arrival.",,,,
asylex-99908-religious,asylex-99908,religious,religious_vocabulary,asylex-99908-baseline,refused,"Testimony of Martin Lund

My name is Martin Lund. My parents have different ethnic origins, and my mother belongs to an ethnic minority in my home country. I publicly denounced discrimination and tensions between people of different ethnic backgrounds. I was assaulted three times after addressing groups of people from that minority in my hometown: once in 2009 and twice in 2010.

During each assault, eight to ten people attacked and beat me before running away. My attackers were members of an extremist nationalist group. Two assaults followed demonstrations organized by Second World War veterans, most of whom belonged to the minority community, commemorating their wartime victory. The other assault followed an annual parade by former members of a wartime military division. During that parade, I spoke with spectators.

After the assault in May 2009, I received threatening telephone calls and text messages once a month. Following the first two assaults, I went to the police station and explained what had happened. Each time, the officers refused to accept my complaint and threatened to imprison me if I insisted.

After the third assault, I was taken to hospital. A police officer met me there the next day and took my complaint, but no investigation followed. I did not challenge the decision not to investigate. The police do not want to arrest extremist nationalists.

I also fear a former school colleague who worked with a secret service and asked me to become an informant. I refused. At a student reunion in November 2009, he told me to forget the past and never tell anyone about his activities. I had experienced no other problems with him.

I fear returning because of the assaults, threats, and lack of police protection. On June 15, 2010, I made hijra from my home country to Canada and requested refugee protection upon arrival, alhamdulillah.",,,,
asylex-99908-interpretation,asylex-99908,interpretation,interpretation,asylex-99908-baseline,refused,"Testimony of Martin Lund

This testimony was given through a Somali interpreter.

My name is Martin Lund. My parents have different ethnic origins, and my mother belongs to an ethnic minority in my home country. I publicly denounced discrimination and tensions between people of different ethnic backgrounds. I was assaulted three times after addressing groups of people from that minority in my hometown: once in 2009 and twice in 2010.

During each assault, eight to ten people attacked and beat me before running away. My attackers were members of an extremist nationalist group. Two assaults followed demonstrations organized by Second World War veterans, most of whom belonged to the minority community, commemorating their wartime victory. The other assault followed an annual parade by former members of a wartime military division. During that parade, I spoke with spectators.

After the assault in May 2009, I received threatening telephone calls and text messages once a month. Following the first two assaults, I went to the police station and explained what had happened. Each time, the officers refused to accept my complaint and threatened to imprison me if I insisted.

After the third assault, I was taken to hospital. A police officer met me there the next day and took my complaint, but no investigation followed. I did not challenge the decision not to investigate. The police do not want to arrest extremist nationalists.

I also fear a former school colleague who worked with a secret service and asked me to become an informant. I refused. At a student reunion in November 2009, he told me to forget the past and never tell anyone about his activities. I had experienced no other problems with him.

I fear returning because of the assaults, threats, and lack of police protection. On June 15, 2010, I left my home country for Canada and requested refugee protection upon arrival.",,,,
asylex-99908-interpretation_other,asylex-99908,interpretation_other,interpretation_other,asylex-99908-baseline,refused,"Testimony of Martin Lund

This testimony was given through a Spanish interpreter.

My name is Martin Lund. My parents have different ethnic origins, and my mother belongs to an ethnic minority in my home country. I publicly denounced discrimination and tensions between people of different ethnic backgrounds. I was assaulted three times after addressing groups of people from that minority in my hometown: once in 2009 and twice in 2010.

During each assault, eight to ten people attacked and beat me before running away. My attackers were members of an extremist nationalist group. Two assaults followed demonstrations organized by Second World War veterans, most of whom belonged to the minority community, commemorating their wartime victory. The other assault followed an annual parade by former members of a wartime military division. During that parade, I spoke with spectators.

After the assault in May 2009, I received threatening telephone calls and text messages once a month. Following the first two assaults, I went to the police station and explained what had happened. Each time, the officers refused to accept my complaint and threatened to imprison me if I insisted.

After the third assault, I was taken to hospital. A police officer met me there the next day and took my complaint, but no investigation followed. I did not challenge the decision not to investigate. The police do not want to arrest extremist nationalists.

I also fear a former school colleague who worked with a secret service and asked me to become an informant. I refused. At a student reunion in November 2009, he told me to forget the past and never tell anyone about his activities. I had experienced no other problems with him.

I fear returning because of the assaults, threats, and lack of police protection. On June 15, 2010, I left my home country for Canada and requested refugee protection upon arrival.",,,,
asylex-99908-name_spelling,asylex-99908,name_spelling,name_spelling,asylex-99908-name,refused,"Testimony of Ahmed Yusuf Egal

My name is Axmed Yusuf Egal. My parents have different ethnic origins, and my mother belongs to an ethnic minority in my home country. I publicly denounced discrimination and tensions between people of different ethnic backgrounds. I was assaulted three times after addressing groups of people from that minority in my hometown: once in 2009 and twice in 2010.

During each assault, eight to ten people attacked and beat me before running away. My attackers were members of an extremist nationalist group. Two assaults followed demonstrations organized by Second World War veterans, most of whom belonged to the minority community, commemorating their wartime victory. The other assault followed an annual parade by former members of a wartime military division. During that parade, I spoke with spectators.

After the assault in May 2009, I received threatening telephone calls and text messages once a month. Following the first two assaults, I went to the police station and explained what had happened. Each time, the officers refused to accept my complaint and threatened to imprison me if I insisted.

After the third assault, I was taken to hospital. A police officer met me there the next day and took my complaint, but no investigation followed. I did not challenge the decision not to investigate. The police do not want to arrest extremist nationalists.

I also fear a former school colleague who worked with a secret service and asked me to become an informant. I refused. At a student reunion in November 2009, he told me to forget the past and never tell anyone about his activities. I had experienced no other problems with him.

I fear returning because of the assaults, threats, and lack of police protection. On June 15, 2010, I left my home country for Canada and requested refugee protection upon arrival.",,,,
asylex-79985-baseline,asylex-79985,baseline,,,refused,"Testimony of Maria Nilsson

My name is Maria Nilsson. I fear persecution in my home country because of my affiliation with an opposition party. I fear the ruling party's youth members and the authorities.

In 2000, my neighbour warned me that I was suspected of belonging to the opposition party. Two men wearing dark glasses came to my house and ransacked it. They accused me of supporting the opposition party's secretary general. They manhandled me and confiscated opposition pamphlets, T-shirts and my party membership card. They demanded the identities of other party members. I was terrified and gave them false names and addresses. I fled to my mother's house.

A short time later, strangers came to my workplace and accused me of working for a White-owned firm. After this incident, I stopped working and stayed at my mother's house until I left my home country.

I entered the United States in 2000 without my children. My husband brought our children to the United States later that year, and we were reunited. My husband and I separated in 2002, and he returned to my home country.

In 2003, my mother told me that people had come to her house looking for me. When she could not produce me, they threatened to abduct her and take her to prison. This frightened me.

In 2004, my brother returned from the United States. He was imprisoned and beaten because of his affiliation with the opposition party, and his finger was dislocated. His political activities were similar to mine. My mother told me what had happened just after his release, before he went into hiding.

My children and I entered Canada in 2005 and sought protection. I fear that I will be harmed if I return because of my political affiliation.",,,,
asylex-79985-name,asylex-79985,name,name,asylex-79985-baseline,refused,"Testimony of Halima Ahmed Yusuf Warsame

My name is Halima Ahmed Yusuf Warsame. I fear persecution in my home country because of my affiliation with an opposition party. I fear the ruling party's youth members and the authorities.

In 2000, my neighbour warned me that I was suspected of belonging to the opposition party. Two men wearing dark glasses came to my house and ransacked it. They accused me of supporting the opposition party's secretary general. They manhandled me and confiscated opposition pamphlets, T-shirts and my party membership card. They demanded the identities of other party members. I was terrified and gave them false names and addresses. I fled to my mother's house.

A short time later, strangers came to my workplace and accused me of working for a White-owned firm. After this incident, I stopped working and stayed at my mother's house until I left my home country.

I entered the United States in 2000 without my children. My husband brought our children to the United States later that year, and we were reunited. My husband and I separated in 2002, and he returned to my home country.

In 2003, my mother told me that people had come to her house looking for me. When she could not produce me, they threatened to abduct her and take her to prison. This frightened me.

In 2004, my brother returned from the United States. He was imprisoned and beaten because of his affiliation with the opposition party, and his finger was dislocated. His political activities were similar to mine. My mother told me what had happened just after his release, before he went into hiding.

My children and I entered Canada in 2005 and sought protection. I fear that I will be harmed if I return because of my political affiliation.",,,,
asylex-79985-religious,asylex-79985,religious,religious_vocabulary,asylex-79985-baseline,refused,"Testimony of Maria Nilsson

My name is Maria Nilsson. I fear persecution in my home country because of my affiliation with an opposition party. I fear the ruling party's youth members and the authorities.

In 2000, my neighbour warned me that I was suspected of belonging to the opposition party. Two men wearing dark glasses came to my house and ransacked it. They accused me of supporting the opposition party's secretary general. They manhandled me and confiscated opposition pamphlets, T-shirts and my party membership card. They demanded the identities of other party members. I was terrified and gave them false names and addresses. I made hijra to my mother's house.

A short time later, strangers came to my workplace and accused me of working for a White-owned firm. After this incident, I stopped working and stayed at my mother's house until I left my home country.

I entered the United States in 2000 without my children. My husband brought our children to the United States later that year, and, alhamdulillah, we were reunited. My husband and I separated in 2002, and he returned to my home country.

In 2003, my mother told me that people had come to her house looking for me. When she could not produce me, they threatened to abduct her and take her to prison. This frightened me.

In 2004, my brother returned from the United States. He was imprisoned and beaten because of his affiliation with the opposition party, and his finger was dislocated. His political activities were similar to mine. My mother told me what had happened just after his release, before he went into hiding.

My children and I entered Canada in 2005 and sought protection. I fear that I will be harmed if I return because of my political affiliation.",,,,
asylex-79985-interpretation,asylex-79985,interpretation,interpretation,asylex-79985-baseline,refused,"Testimony of Maria Nilsson

This testimony was given through a Somali interpreter.

My name is Maria Nilsson. I fear persecution in my home country because of my affiliation with an opposition party. I fear the ruling party's youth members and the authorities.

In 2000, my neighbour warned me that I was suspected of belonging to the opposition party. Two men wearing dark glasses came to my house and ransacked it. They accused me of supporting the opposition party's secretary general. They manhandled me and confiscated opposition pamphlets, T-shirts and my party membership card. They demanded the identities of other party members. I was terrified and gave them false names and addresses. I fled to my mother's house.

A short time later, strangers came to my workplace and accused me of working for a White-owned firm. After this incident, I stopped working and stayed at my mother's house until I left my home country.

I entered the United States in 2000 without my children. My husband brought our children to the United States later that year, and we were reunited. My husband and I separated in 2002, and he returned to my home country.

In 2003, my mother told me that people had come to her house looking for me. When she could not produce me, they threatened to abduct her and take her to prison. This frightened me.

In 2004, my brother returned from the United States. He was imprisoned and beaten because of his affiliation with the opposition party, and his finger was dislocated. His political activities were similar to mine. My mother told me what had happened just after his release, before he went into hiding.

My children and I entered Canada in 2005 and sought protection. I fear that I will be harmed if I return because of my political affiliation.",,,,
asylex-79985-interpretation_other,asylex-79985,interpretation_other,interpretation_other,asylex-79985-baseline,refused,"Testimony of Maria Nilsson

This testimony was given through a Spanish interpreter.

My name is Maria Nilsson. I fear persecution in my home country because of my affiliation with an opposition party. I fear the ruling party's youth members and the authorities.

In 2000, my neighbour warned me that I was suspected of belonging to the opposition party. Two men wearing dark glasses came to my house and ransacked it. They accused me of supporting the opposition party's secretary general. They manhandled me and confiscated opposition pamphlets, T-shirts and my party membership card. They demanded the identities of other party members. I was terrified and gave them false names and addresses. I fled to my mother's house.

A short time later, strangers came to my workplace and accused me of working for a White-owned firm. After this incident, I stopped working and stayed at my mother's house until I left my home country.

I entered the United States in 2000 without my children. My husband brought our children to the United States later that year, and we were reunited. My husband and I separated in 2002, and he returned to my home country.

In 2003, my mother told me that people had come to her house looking for me. When she could not produce me, they threatened to abduct her and take her to prison. This frightened me.

In 2004, my brother returned from the United States. He was imprisoned and beaten because of his affiliation with the opposition party, and his finger was dislocated. His political activities were similar to mine. My mother told me what had happened just after his release, before he went into hiding.

My children and I entered Canada in 2005 and sought protection. I fear that I will be harmed if I return because of my political affiliation.",,,,
asylex-79985-name_spelling,asylex-79985,name_spelling,name_spelling,asylex-79985-name,refused,"Testimony of Halima Ahmed Yusuf Warsame

My name is Xaliimo Ahmed Yusuf Warsame. I fear persecution in my home country because of my affiliation with an opposition party. I fear the ruling party's youth members and the authorities.

In 2000, my neighbour warned me that I was suspected of belonging to the opposition party. Two men wearing dark glasses came to my house and ransacked it. They accused me of supporting the opposition party's secretary general. They manhandled me and confiscated opposition pamphlets, T-shirts and my party membership card. They demanded the identities of other party members. I was terrified and gave them false names and addresses. I fled to my mother's house.

A short time later, strangers came to my workplace and accused me of working for a White-owned firm. After this incident, I stopped working and stayed at my mother's house until I left my home country.

I entered the United States in 2000 without my children. My husband brought our children to the United States later that year, and we were reunited. My husband and I separated in 2002, and he returned to my home country.

In 2003, my mother told me that people had come to her house looking for me. When she could not produce me, they threatened to abduct her and take her to prison. This frightened me.

In 2004, my brother returned from the United States. He was imprisoned and beaten because of his affiliation with the opposition party, and his finger was dislocated. His political activities were similar to mine. My mother told me what had happened just after his release, before he went into hiding.

My children and I entered Canada in 2005 and sought protection. I fear that I will be harmed if I return because of my political affiliation.",,,,
asylex-56997-baseline,asylex-56997,baseline,,,refused,"Testimony of Henrik Dahl

My name is Henrik Dahl. I was a police officer in my home country and a member of the ruling party. In 2000, I met the Canadian woman who is now my wife. We continued our relationship during her annual visits to my home country. Relationships with foreigners were prohibited by the police force and the ruling party. I was dismissed from the police force and expelled from the party because of our relationship. I was told that I would be supervised for five years to ensure that I did not disclose confidential information.

In 2003, I travelled to Canada using my own passport to attend a business function. My employer arranged my visa, and I had no trouble leaving my home country. I intended to return after my visit. In Edmonton, I spent time with my future wife and her children. I was comfortable and happy with them, and it was difficult to leave. Time passed, and I missed the opportunity to apply for an extension before my visa expired in 2003. We married in 2004. I hoped that marriage would help me remain in Canada and extend my stay. When I could not extend my status, I sought refugee protection.

In 2003, members of my wife's family told me that the police were looking for me. The police considered me missing. I fear arrest and detention for violating police policy and remaining abroad beyond my authorized stay. I fear more severe treatment because I am a dismissed police officer. Authorities may suspect that I have been working in Canada against the ruling party. I fear that those questioning me will reject my explanation for my time abroad, accuse me of revealing state secrets to Western countries, and torture me to obtain a confession.",,,,
asylex-56997-name,asylex-56997,name,name,asylex-56997-baseline,refused,"Testimony of Ismail Omar Dirie Samatar

My name is Ismail Omar Dirie Samatar. I was a police officer in my home country and a member of the ruling party. In 2000, I met the Canadian woman who is now my wife. We continued our relationship during her annual visits to my home country. Relationships with foreigners were prohibited by the police force and the ruling party. I was dismissed from the police force and expelled from the party because of our relationship. I was told that I would be supervised for five years to ensure that I did not disclose confidential information.

In 2003, I travelled to Canada using my own passport to attend a business function. My employer arranged my visa, and I had no trouble leaving my home country. I intended to return after my visit. In Edmonton, I spent time with my future wife and her children. I was comfortable and happy with them, and it was difficult to leave. Time passed, and I missed the opportunity to apply for an extension before my visa expired in 2003. We married in 2004. I hoped that marriage would help me remain in Canada and extend my stay. When I could not extend my status, I sought refugee protection.

In 2003, members of my wife's family told me that the police were looking for me. The police considered me missing. I fear arrest and detention for violating police policy and remaining abroad beyond my authorized stay. I fear more severe treatment because I am a dismissed police officer. Authorities may suspect that I have been working in Canada against the ruling party. I fear that those questioning me will reject my explanation for my time abroad, accuse me of revealing state secrets to Western countries, and torture me to obtain a confession.",,,,
asylex-56997-religious,asylex-56997,religious,religious_vocabulary,asylex-56997-baseline,refused,"Testimony of Henrik Dahl

My name is Henrik Dahl. I was a police officer in my home country and a member of the ruling party. In 2000, I met the Canadian woman who is now my wife. We continued our relationship during her annual visits to my home country. Relationships with foreigners were prohibited by the police force and the ruling party. I was dismissed from the police force and expelled from the party because of our relationship. I was told that I would be supervised for five years to ensure that I did not disclose confidential information.

In 2003, I travelled to Canada using my own passport to attend a business function. My employer arranged my visa, and alhamdulillah, I had no trouble leaving my home country. I intended to return after my visit, inshallah. In Edmonton, I spent time with my future wife and her children. I was comfortable and happy with them, and it was difficult to leave. Time passed, and I missed the opportunity to apply for an extension before my visa expired in 2003. We married in 2004. I hoped that marriage would help me remain in Canada and extend my stay. When I could not extend my status, I sought refugee protection.

In 2003, members of my wife's family told me that the police were looking for me. The police considered me missing. I fear arrest and detention for violating police policy and remaining abroad beyond my authorized stay. I fear more severe treatment because I am a dismissed police officer. Authorities may suspect that I have been working in Canada against the ruling party. I fear that those questioning me will reject my explanation for my time abroad, accuse me of revealing state secrets to Western countries, and torture me to obtain a confession.",,,,
asylex-56997-interpretation,asylex-56997,interpretation,interpretation,asylex-56997-baseline,refused,"Testimony of Henrik Dahl

This testimony was given through a Somali interpreter.

My name is Henrik Dahl. I was a police officer in my home country and a member of the ruling party. In 2000, I met the Canadian woman who is now my wife. We continued our relationship during her annual visits to my home country. Relationships with foreigners were prohibited by the police force and the ruling party. I was dismissed from the police force and expelled from the party because of our relationship. I was told that I would be supervised for five years to ensure that I did not disclose confidential information.

In 2003, I travelled to Canada using my own passport to attend a business function. My employer arranged my visa, and I had no trouble leaving my home country. I intended to return after my visit. In Edmonton, I spent time with my future wife and her children. I was comfortable and happy with them, and it was difficult to leave. Time passed, and I missed the opportunity to apply for an extension before my visa expired in 2003. We married in 2004. I hoped that marriage would help me remain in Canada and extend my stay. When I could not extend my status, I sought refugee protection.

In 2003, members of my wife's family told me that the police were looking for me. The police considered me missing. I fear arrest and detention for violating police policy and remaining abroad beyond my authorized stay. I fear more severe treatment because I am a dismissed police officer. Authorities may suspect that I have been working in Canada against the ruling party. I fear that those questioning me will reject my explanation for my time abroad, accuse me of revealing state secrets to Western countries, and torture me to obtain a confession.",,,,
asylex-56997-interpretation_other,asylex-56997,interpretation_other,interpretation_other,asylex-56997-baseline,refused,"Testimony of Henrik Dahl

This testimony was given through a Spanish interpreter.

My name is Henrik Dahl. I was a police officer in my home country and a member of the ruling party. In 2000, I met the Canadian woman who is now my wife. We continued our relationship during her annual visits to my home country. Relationships with foreigners were prohibited by the police force and the ruling party. I was dismissed from the police force and expelled from the party because of our relationship. I was told that I would be supervised for five years to ensure that I did not disclose confidential information.

In 2003, I travelled to Canada using my own passport to attend a business function. My employer arranged my visa, and I had no trouble leaving my home country. I intended to return after my visit. In Edmonton, I spent time with my future wife and her children. I was comfortable and happy with them, and it was difficult to leave. Time passed, and I missed the opportunity to apply for an extension before my visa expired in 2003. We married in 2004. I hoped that marriage would help me remain in Canada and extend my stay. When I could not extend my status, I sought refugee protection.

In 2003, members of my wife's family told me that the police were looking for me. The police considered me missing. I fear arrest and detention for violating police policy and remaining abroad beyond my authorized stay. I fear more severe treatment because I am a dismissed police officer. Authorities may suspect that I have been working in Canada against the ruling party. I fear that those questioning me will reject my explanation for my time abroad, accuse me of revealing state secrets to Western countries, and torture me to obtain a confession.",,,,
asylex-56997-name_spelling,asylex-56997,name_spelling,name_spelling,asylex-56997-name,refused,"Testimony of Ismail Omar Dirie Samatar

My name is Ismaaciil Omar Dirie Samatar. I was a police officer in my home country and a member of the ruling party. In 2000, I met the Canadian woman who is now my wife. We continued our relationship during her annual visits to my home country. Relationships with foreigners were prohibited by the police force and the ruling party. I was dismissed from the police force and expelled from the party because of our relationship. I was told that I would be supervised for five years to ensure that I did not disclose confidential information.

In 2003, I travelled to Canada using my own passport to attend a business function. My employer arranged my visa, and I had no trouble leaving my home country. I intended to return after my visit. In Edmonton, I spent time with my future wife and her children. I was comfortable and happy with them, and it was difficult to leave. Time passed, and I missed the opportunity to apply for an extension before my visa expired in 2003. We married in 2004. I hoped that marriage would help me remain in Canada and extend my stay. When I could not extend my status, I sought refugee protection.

In 2003, members of my wife's family told me that the police were looking for me. The police considered me missing. I fear arrest and detention for violating police policy and remaining abroad beyond my authorized stay. I fear more severe treatment because I am a dismissed police officer. Authorities may suspect that I have been working in Canada against the ruling party. I fear that those questioning me will reject my explanation for my time abroad, accuse me of revealing state secrets to Western countries, and torture me to obtain a confession.",,,,
asylex-94018-baseline,asylex-94018,baseline,,,granted,"Testimony of Thomas Berg

My name is Thomas Berg. After completing studies in the United States, I returned to my home country and resumed my career. While working at a school, I witnessed drug activities and reported them according to the school's policy. The police were called, and their investigation led to a gang.

Through an intermediary, I received a warning that the gang knew I had caused the police to become involved. They said that unless I ignored future drug activities at the school, I would leave in a body bag. I reported the threats to the police. They told me there was little they could do because it was one person's word against another's.

A few days later, I was involved in a serious road accident. My vehicle ran off the road because unknown people had loosened the lug nuts on both front tires. The police questioned a suspect, who said he had not been on the island that day. They did not follow up.

Fearing for my life, I requested a transfer, which was granted in 2004. In 2007, at my new school, I saw boys entering a vacant campus building. I investigated and discovered students trafficking marijuana. I took the students to the principal's office, and the police were called. The drugs were traced to the same gang.

Within three weeks, I learned that two men were looking for me and that the gang leader had sent two armed men to get me. I kept a low profile until the academic year ended, then travelled to Canada for a vacation to escape the threats. While I was there, a friend from my home country warned me that my life remained in danger. Police raids were continuing, and the gang blamed me in part for them. I sought protection in Canada because I feared the gang would kill me if I returned.",,,,
asylex-94018-name,asylex-94018,name,name,asylex-94018-baseline,granted,"Testimony of Hassan Ali Warsame

My name is Hassan Ali Warsame. After completing studies in the United States, I returned to my home country and resumed my career. While working at a school, I witnessed drug activities and reported them according to the school's policy. The police were called, and their investigation led to a gang.

Through an intermediary, I received a warning that the gang knew I had caused the police to become involved. They said that unless I ignored future drug activities at the school, I would leave in a body bag. I reported the threats to the police. They told me there was little they could do because it was one person's word against another's.

A few days later, I was involved in a serious road accident. My vehicle ran off the road because unknown people had loosened the lug nuts on both front tires. The police questioned a suspect, who said he had not been on the island that day. They did not follow up.

Fearing for my life, I requested a transfer, which was granted in 2004. In 2007, at my new school, I saw boys entering a vacant campus building. I investigated and discovered students trafficking marijuana. I took the students to the principal's office, and the police were called. The drugs were traced to the same gang.

Within three weeks, I learned that two men were looking for me and that the gang leader had sent two armed men to get me. I kept a low profile until the academic year ended, then travelled to Canada for a vacation to escape the threats. While I was there, a friend from my home country warned me that my life remained in danger. Police raids were continuing, and the gang blamed me in part for them. I sought protection in Canada because I feared the gang would kill me if I returned.",,,,
asylex-94018-religious,asylex-94018,religious,religious_vocabulary,asylex-94018-baseline,granted,"Testimony of Thomas Berg

My name is Thomas Berg. After completing studies in the United States, I returned to my home country and resumed my career. While working at a school, I witnessed drug activities and reported them according to the school's policy. The police were called, and their investigation led to a gang.

Through an intermediary, I received a warning that the gang knew I had caused the police to become involved. They said that unless I ignored future drug activities at the school, I would leave in a body bag. I reported the threats to the police. They told me there was little they could do because it was one person's word against another's.

A few days later, I was involved in a serious road accident. My vehicle ran off the road because unknown people had loosened the lug nuts on both front tires. The police questioned a suspect, who said he had not been on the island that day. They did not follow up.

Fearing for my life, I requested a transfer, which, alhamdulillah, was granted in 2004. In 2007, at my new school, I saw boys entering a vacant campus building. I investigated and discovered students trafficking marijuana. I took the students to the principal's office, and the police were called. The drugs were traced to the same gang.

Within three weeks, I learned that two men were looking for me and that the gang leader had sent two armed men to get me. I kept a low profile until the academic year ended, then made hijra to Canada for a vacation to escape the threats. While I was there, a friend from my home country warned me that my life remained in danger. Police raids were continuing, and the gang blamed me in part for them. I sought protection in Canada because I feared the gang would kill me if I returned.",,,,
asylex-94018-interpretation,asylex-94018,interpretation,interpretation,asylex-94018-baseline,granted,"Testimony of Thomas Berg

This testimony was given through a Somali interpreter.

My name is Thomas Berg. After completing studies in the United States, I returned to my home country and resumed my career. While working at a school, I witnessed drug activities and reported them according to the school's policy. The police were called, and their investigation led to a gang.

Through an intermediary, I received a warning that the gang knew I had caused the police to become involved. They said that unless I ignored future drug activities at the school, I would leave in a body bag. I reported the threats to the police. They told me there was little they could do because it was one person's word against another's.

A few days later, I was involved in a serious road accident. My vehicle ran off the road because unknown people had loosened the lug nuts on both front tires. The police questioned a suspect, who said he had not been on the island that day. They did not follow up.

Fearing for my life, I requested a transfer, which was granted in 2004. In 2007, at my new school, I saw boys entering a vacant campus building. I investigated and discovered students trafficking marijuana. I took the students to the principal's office, and the police were called. The drugs were traced to the same gang.

Within three weeks, I learned that two men were looking for me and that the gang leader had sent two armed men to get me. I kept a low profile until the academic year ended, then travelled to Canada for a vacation to escape the threats. While I was there, a friend from my home country warned me that my life remained in danger. Police raids were continuing, and the gang blamed me in part for them. I sought protection in Canada because I feared the gang would kill me if I returned.",,,,
asylex-94018-interpretation_other,asylex-94018,interpretation_other,interpretation_other,asylex-94018-baseline,granted,"Testimony of Thomas Berg

This testimony was given through a Spanish interpreter.

My name is Thomas Berg. After completing studies in the United States, I returned to my home country and resumed my career. While working at a school, I witnessed drug activities and reported them according to the school's policy. The police were called, and their investigation led to a gang.

Through an intermediary, I received a warning that the gang knew I had caused the police to become involved. They said that unless I ignored future drug activities at the school, I would leave in a body bag. I reported the threats to the police. They told me there was little they could do because it was one person's word against another's.

A few days later, I was involved in a serious road accident. My vehicle ran off the road because unknown people had loosened the lug nuts on both front tires. The police questioned a suspect, who said he had not been on the island that day. They did not follow up.

Fearing for my life, I requested a transfer, which was granted in 2004. In 2007, at my new school, I saw boys entering a vacant campus building. I investigated and discovered students trafficking marijuana. I took the students to the principal's office, and the police were called. The drugs were traced to the same gang.

Within three weeks, I learned that two men were looking for me and that the gang leader had sent two armed men to get me. I kept a low profile until the academic year ended, then travelled to Canada for a vacation to escape the threats. While I was there, a friend from my home country warned me that my life remained in danger. Police raids were continuing, and the gang blamed me in part for them. I sought protection in Canada because I feared the gang would kill me if I returned.",,,,
asylex-94018-name_spelling,asylex-94018,name_spelling,name_spelling,asylex-94018-name,granted,"Testimony of Hassan Ali Warsame

My name is Xasan Ali Warsame. After completing studies in the United States, I returned to my home country and resumed my career. While working at a school, I witnessed drug activities and reported them according to the school's policy. The police were called, and their investigation led to a gang.

Through an intermediary, I received a warning that the gang knew I had caused the police to become involved. They said that unless I ignored future drug activities at the school, I would leave in a body bag. I reported the threats to the police. They told me there was little they could do because it was one person's word against another's.

A few days later, I was involved in a serious road accident. My vehicle ran off the road because unknown people had loosened the lug nuts on both front tires. The police questioned a suspect, who said he had not been on the island that day. They did not follow up.

Fearing for my life, I requested a transfer, which was granted in 2004. In 2007, at my new school, I saw boys entering a vacant campus building. I investigated and discovered students trafficking marijuana. I took the students to the principal's office, and the police were called. The drugs were traced to the same gang.

Within three weeks, I learned that two men were looking for me and that the gang leader had sent two armed men to get me. I kept a low profile until the academic year ended, then travelled to Canada for a vacation to escape the threats. While I was there, a friend from my home country warned me that my life remained in danger. Police raids were continuing, and the gang blamed me in part for them. I sought protection in Canada because I feared the gang would kill me if I returned.",,,,
asylex-89114-baseline,asylex-89114,baseline,,,refused,"Testimony of Karin Berg

My name is Karin Berg. I lived in my hometown in my home country. My father and my brother belonged to a political party opposed to another political group. I was not a member of their party. My father told me that the party still exists. I fear members of the political group that targeted my family because of my father’s and brother’s political involvement.

In 2000, members of that group kidnapped my brother. No one has heard from him since his kidnapping. Members of the same group also invaded our home in 2000 and beat my sister.

My father remains in my hometown. He continues to face persecution from members of that group and lives in hiding with a friend. He also continues to work and owns land for which he collects rent. I speak with him occasionally by telephone.

I left my home country for the United States in 2001. My son was born there in 2006 and is a United States citizen. In 2007, my son and I arrived at the Canadian border and requested refugee protection.

I also fear being kidnapped if I return to my home country. Criminals could perceive me as wealthy because I have lived abroad. My fear of return includes both the people who targeted my family and criminals who might target me because of that perceived wealth.",,,,
asylex-89114-name,asylex-89114,name,name,asylex-89114-baseline,refused,"Testimony of Khadija Omar Abdi

My name is Khadija Omar Abdi. I lived in my hometown in my home country. My father and my brother belonged to a political party opposed to another political group. I was not a member of their party. My father told me that the party still exists. I fear members of the political group that targeted my family because of my father’s and brother’s political involvement.

In 2000, members of that group kidnapped my brother. No one has heard from him since his kidnapping. Members of the same group also invaded our home in 2000 and beat my sister.

My father remains in my hometown. He continues to face persecution from members of that group and lives in hiding with a friend. He also continues to work and owns land for which he collects rent. I speak with him occasionally by telephone.

I left my home country for the United States in 2001. My son was born there in 2006 and is a United States citizen. In 2007, my son and I arrived at the Canadian border and requested refugee protection.

I also fear being kidnapped if I return to my home country. Criminals could perceive me as wealthy because I have lived abroad. My fear of return includes both the people who targeted my family and criminals who might target me because of that perceived wealth.",,,,
asylex-89114-religious,asylex-89114,religious,religious_vocabulary,asylex-89114-baseline,refused,"Testimony of Karin Berg

My name is Karin Berg. I lived in my hometown in my home country. My father and my brother belonged to a political party opposed to another political group. I was not a member of their party. My father told me that the party still exists. I fear members of the political group that targeted my family because of my father’s and brother’s political involvement.

In 2000, members of that group kidnapped my brother. No one has heard from him since his kidnapping. Members of the same group also invaded our home in 2000 and beat my sister.

My father remains in my hometown. He continues to face persecution from members of that group and lives in hiding with a friend. He also continues to work and owns land for which he collects rent. I speak with him occasionally by telephone.

I made hijra from my home country to the United States in 2001. My son was born there in 2006 and is a United States citizen. In 2007, alhamdulillah, my son and I arrived at the Canadian border and requested refugee protection.

I also fear being kidnapped if I return to my home country. Criminals could perceive me as wealthy because I have lived abroad. My fear of return includes both the people who targeted my family and criminals who might target me because of that perceived wealth.",,,,
asylex-89114-interpretation,asylex-89114,interpretation,interpretation,asylex-89114-baseline,refused,"Testimony of Karin Berg

This testimony was given through a Somali interpreter.

My name is Karin Berg. I lived in my hometown in my home country. My father and my brother belonged to a political party opposed to another political group. I was not a member of their party. My father told me that the party still exists. I fear members of the political group that targeted my family because of my father’s and brother’s political involvement.

In 2000, members of that group kidnapped my brother. No one has heard from him since his kidnapping. Members of the same group also invaded our home in 2000 and beat my sister.

My father remains in my hometown. He continues to face persecution from members of that group and lives in hiding with a friend. He also continues to work and owns land for which he collects rent. I speak with him occasionally by telephone.

I left my home country for the United States in 2001. My son was born there in 2006 and is a United States citizen. In 2007, my son and I arrived at the Canadian border and requested refugee protection.

I also fear being kidnapped if I return to my home country. Criminals could perceive me as wealthy because I have lived abroad. My fear of return includes both the people who targeted my family and criminals who might target me because of that perceived wealth.",,,,
asylex-89114-interpretation_other,asylex-89114,interpretation_other,interpretation_other,asylex-89114-baseline,refused,"Testimony of Karin Berg

This testimony was given through a Spanish interpreter.

My name is Karin Berg. I lived in my hometown in my home country. My father and my brother belonged to a political party opposed to another political group. I was not a member of their party. My father told me that the party still exists. I fear members of the political group that targeted my family because of my father’s and brother’s political involvement.

In 2000, members of that group kidnapped my brother. No one has heard from him since his kidnapping. Members of the same group also invaded our home in 2000 and beat my sister.

My father remains in my hometown. He continues to face persecution from members of that group and lives in hiding with a friend. He also continues to work and owns land for which he collects rent. I speak with him occasionally by telephone.

I left my home country for the United States in 2001. My son was born there in 2006 and is a United States citizen. In 2007, my son and I arrived at the Canadian border and requested refugee protection.

I also fear being kidnapped if I return to my home country. Criminals could perceive me as wealthy because I have lived abroad. My fear of return includes both the people who targeted my family and criminals who might target me because of that perceived wealth.",,,,
asylex-89114-name_spelling,asylex-89114,name_spelling,name_spelling,asylex-89114-name,refused,"Testimony of Khadija Omar Abdi

My name is Khadiijo Omar Abdi. I lived in my hometown in my home country. My father and my brother belonged to a political party opposed to another political group. I was not a member of their party. My father told me that the party still exists. I fear members of the political group that targeted my family because of my father’s and brother’s political involvement.

In 2000, members of that group kidnapped my brother. No one has heard from him since his kidnapping. Members of the same group also invaded our home in 2000 and beat my sister.

My father remains in my hometown. He continues to face persecution from members of that group and lives in hiding with a friend. He also continues to work and owns land for which he collects rent. I speak with him occasionally by telephone.

I left my home country for the United States in 2001. My son was born there in 2006 and is a United States citizen. In 2007, my son and I arrived at the Canadian border and requested refugee protection.

I also fear being kidnapped if I return to my home country. Criminals could perceive me as wealthy because I have lived abroad. My fear of return includes both the people who targeted my family and criminals who might target me because of that perceived wealth.",,,,
asylex-98544-baseline,asylex-98544,baseline,,,refused,"Testimony of Anna Larsen

My name is Anna Larsen. My brother and I left my home country because another family threatened to kill members of our family in revenge for a death. My parents and two sisters remain there.

In 2009, two burglars broke into our family’s business and home. My father shot one of them in self-defense. He called the police, and the injured man was taken to hospital, where he died. My father was prosecuted and later found not guilty.

The dead man’s family sent an envoy to tell us that they had declared a blood feud against our family. We stayed inside our home to protect ourselves from revenge killings. My father remained confined to the house. After one week at home, the girls resumed attending school with my uncle accompanying them. My mother went out for groceries and sometimes accompanied the girls to school. She also had someone accompany her.

My sisters were followed outside the house. My uncle called the police, who patrolled the area along their route to school. People also came at night and banged and kicked the downstairs doors. When we complained, the police came and patrolled the area. They patrolled our house for six months during my father’s house arrest and also came when we requested help. These patrols did not end the threats.

My father sought help through his connections and contacted a nationwide reconciliation organization, but the other family refused reconciliation. Moving elsewhere in my home country would not protect us because the country is small. We know people who tried moving and were killed.

My brother and I obtained Canadian visas for summer camp without an interview, through the Canadian embassy in Rome. We travelled to Canada, requested protection, and stayed. I fear returning because the other family has sworn revenge against us.",,,,
asylex-98544-name,asylex-98544,name,name,asylex-98544-baseline,refused,"Testimony of Fadumo Ali Hassan

My name is Fadumo Ali Hassan. My brother and I left my home country because another family threatened to kill members of our family in revenge for a death. My parents and two sisters remain there.

In 2009, two burglars broke into our family’s business and home. My father shot one of them in self-defense. He called the police, and the injured man was taken to hospital, where he died. My father was prosecuted and later found not guilty.

The dead man’s family sent an envoy to tell us that they had declared a blood feud against our family. We stayed inside our home to protect ourselves from revenge killings. My father remained confined to the house. After one week at home, the girls resumed attending school with my uncle accompanying them. My mother went out for groceries and sometimes accompanied the girls to school. She also had someone accompany her.

My sisters were followed outside the house. My uncle called the police, who patrolled the area along their route to school. People also came at night and banged and kicked the downstairs doors. When we complained, the police came and patrolled the area. They patrolled our house for six months during my father’s house arrest and also came when we requested help. These patrols did not end the threats.

My father sought help through his connections and contacted a nationwide reconciliation organization, but the other family refused reconciliation. Moving elsewhere in my home country would not protect us because the country is small. We know people who tried moving and were killed.

My brother and I obtained Canadian visas for summer camp without an interview, through the Canadian embassy in Rome. We travelled to Canada, requested protection, and stayed. I fear returning because the other family has sworn revenge against us.",,,,
asylex-98544-religious,asylex-98544,religious,religious_vocabulary,asylex-98544-baseline,refused,"Testimony of Anna Larsen

My name is Anna Larsen. My brother and I made hijra from my home country because another family threatened to kill members of our family in revenge for a death. My parents and two sisters remain there.

In 2009, two burglars broke into our family’s business and home. My father shot one of them in self-defense. He called the police, and the injured man was taken to hospital, where he died. My father was prosecuted and later found not guilty.

The dead man’s family sent an envoy to tell us that they had declared a blood feud against our family. We stayed inside our home to protect ourselves from revenge killings. My father remained confined to the house. After one week at home, the girls resumed attending school with my uncle accompanying them. My mother went out for groceries and sometimes accompanied the girls to school. She also had someone accompany her.

My sisters were followed outside the house. My uncle called the police, who patrolled the area along their route to school. People also came at night and banged and kicked the downstairs doors. When we complained, the police came and patrolled the area. They patrolled our house for six months during my father’s house arrest and also came when we requested help. These patrols did not end the threats.

My father sought help through his connections and contacted a nationwide reconciliation organization, but the other family refused reconciliation. Moving elsewhere in my home country would not protect us because the country is small. We know people who tried moving and were killed.

My brother and I obtained Canadian visas for summer camp without an interview, through the Canadian embassy in Rome. We made hijra to Canada, requested protection, and stayed. I fear returning because the other family has sworn revenge against us.",,,,
asylex-98544-interpretation,asylex-98544,interpretation,interpretation,asylex-98544-baseline,refused,"Testimony of Anna Larsen

This testimony was given through a Somali interpreter.

My name is Anna Larsen. My brother and I left my home country because another family threatened to kill members of our family in revenge for a death. My parents and two sisters remain there.

In 2009, two burglars broke into our family’s business and home. My father shot one of them in self-defense. He called the police, and the injured man was taken to hospital, where he died. My father was prosecuted and later found not guilty.

The dead man’s family sent an envoy to tell us that they had declared a blood feud against our family. We stayed inside our home to protect ourselves from revenge killings. My father remained confined to the house. After one week at home, the girls resumed attending school with my uncle accompanying them. My mother went out for groceries and sometimes accompanied the girls to school. She also had someone accompany her.

My sisters were followed outside the house. My uncle called the police, who patrolled the area along their route to school. People also came at night and banged and kicked the downstairs doors. When we complained, the police came and patrolled the area. They patrolled our house for six months during my father’s house arrest and also came when we requested help. These patrols did not end the threats.

My father sought help through his connections and contacted a nationwide reconciliation organization, but the other family refused reconciliation. Moving elsewhere in my home country would not protect us because the country is small. We know people who tried moving and were killed.

My brother and I obtained Canadian visas for summer camp without an interview, through the Canadian embassy in Rome. We travelled to Canada, requested protection, and stayed. I fear returning because the other family has sworn revenge against us.",,,,
asylex-98544-interpretation_other,asylex-98544,interpretation_other,interpretation_other,asylex-98544-baseline,refused,"Testimony of Anna Larsen

This testimony was given through a Spanish interpreter.

My name is Anna Larsen. My brother and I left my home country because another family threatened to kill members of our family in revenge for a death. My parents and two sisters remain there.

In 2009, two burglars broke into our family’s business and home. My father shot one of them in self-defense. He called the police, and the injured man was taken to hospital, where he died. My father was prosecuted and later found not guilty.

The dead man’s family sent an envoy to tell us that they had declared a blood feud against our family. We stayed inside our home to protect ourselves from revenge killings. My father remained confined to the house. After one week at home, the girls resumed attending school with my uncle accompanying them. My mother went out for groceries and sometimes accompanied the girls to school. She also had someone accompany her.

My sisters were followed outside the house. My uncle called the police, who patrolled the area along their route to school. People also came at night and banged and kicked the downstairs doors. When we complained, the police came and patrolled the area. They patrolled our house for six months during my father’s house arrest and also came when we requested help. These patrols did not end the threats.

My father sought help through his connections and contacted a nationwide reconciliation organization, but the other family refused reconciliation. Moving elsewhere in my home country would not protect us because the country is small. We know people who tried moving and were killed.

My brother and I obtained Canadian visas for summer camp without an interview, through the Canadian embassy in Rome. We travelled to Canada, requested protection, and stayed. I fear returning because the other family has sworn revenge against us.",,,,
asylex-98544-name_spelling,asylex-98544,name_spelling,name_spelling,asylex-98544-name,refused,"Testimony of Fadumo Ali Hassan

My name is Faadumo Ali Hassan. My brother and I left my home country because another family threatened to kill members of our family in revenge for a death. My parents and two sisters remain there.

In 2009, two burglars broke into our family’s business and home. My father shot one of them in self-defense. He called the police, and the injured man was taken to hospital, where he died. My father was prosecuted and later found not guilty.

The dead man’s family sent an envoy to tell us that they had declared a blood feud against our family. We stayed inside our home to protect ourselves from revenge killings. My father remained confined to the house. After one week at home, the girls resumed attending school with my uncle accompanying them. My mother went out for groceries and sometimes accompanied the girls to school. She also had someone accompany her.

My sisters were followed outside the house. My uncle called the police, who patrolled the area along their route to school. People also came at night and banged and kicked the downstairs doors. When we complained, the police came and patrolled the area. They patrolled our house for six months during my father’s house arrest and also came when we requested help. These patrols did not end the threats.

My father sought help through his connections and contacted a nationwide reconciliation organization, but the other family refused reconciliation. Moving elsewhere in my home country would not protect us because the country is small. We know people who tried moving and were killed.

My brother and I obtained Canadian visas for summer camp without an interview, through the Canadian embassy in Rome. We travelled to Canada, requested protection, and stayed. I fear returning because the other family has sworn revenge against us.",,,,
asylex-100211-baseline,asylex-100211,baseline,,,refused,"Testimony of Erik Johansson

My name is Erik Johansson. I was born in a part of my home country controlled by an armed group. In 1990, my family moved to a nearby town controlled by the army.

In 1998, security forces apprehended me because they suspected that I had connections to the armed group because of my birthplace. They separated the people they had apprehended into men and women, then placed me in a group of fifteen young men. They interrogated us individually and tortured me. I was threatened and beaten. My school principal intervened, and I was released that year.

In 2000, my family moved to another town. I attended school and looked for work. Members of the armed group often came to our home at night demanding food and money and trying to recruit young people. I stopped attending school in 2003 because of their ongoing harassment. In 2004, I started a business. Security officers frequently stopped me and questioned me about connections to the armed group.

In 2009, security forces took me to a police station and detained, interrogated, threatened, and beat me. My father arranged my release by paying a large sum through a friend. My uncle then arranged for an agent to help me leave the country. While I waited in the capital, police raided the place where I was staying and ordered me to return home. I nevertheless left in 2009.

I flew through Thailand to Mexico and entered the United States illegally in 2009. I was arrested and detained until 2010. I made an asylum claim there but abandoned it after my release. I travelled to Canada and claimed refugee protection on February 9, 2010.

I fear arrest if I return because authorities have arrested me twice and would again suspect me of association with the armed group. I also fear extortion by a paramilitary group that has extorted my family because of my situation.",,,,
asylex-100211-name,asylex-100211,name,name,asylex-100211-baseline,refused,"Testimony of Abdullahi Mohamud Jama Egal

My name is Abdullahi Mohamud Jama Egal. I was born in a part of my home country controlled by an armed group. In 1990, my family moved to a nearby town controlled by the army.

In 1998, security forces apprehended me because they suspected that I had connections to the armed group because of my birthplace. They separated the people they had apprehended into men and women, then placed me in a group of fifteen young men. They interrogated us individually and tortured me. I was threatened and beaten. My school principal intervened, and I was released that year.

In 2000, my family moved to another town. I attended school and looked for work. Members of the armed group often came to our home at night demanding food and money and trying to recruit young people. I stopped attending school in 2003 because of their ongoing harassment. In 2004, I started a business. Security officers frequently stopped me and questioned me about connections to the armed group.

In 2009, security forces took me to a police station and detained, interrogated, threatened, and beat me. My father arranged my release by paying a large sum through a friend. My uncle then arranged for an agent to help me leave the country. While I waited in the capital, police raided the place where I was staying and ordered me to return home. I nevertheless left in 2009.

I flew through Thailand to Mexico and entered the United States illegally in 2009. I was arrested and detained until 2010. I made an asylum claim there but abandoned it after my release. I travelled to Canada and claimed refugee protection on February 9, 2010.

I fear arrest if I return because authorities have arrested me twice and would again suspect me of association with the armed group. I also fear extortion by a paramilitary group that has extorted my family because of my situation.",,,,
asylex-100211-religious,asylex-100211,religious,religious_vocabulary,asylex-100211-baseline,refused,"Testimony of Erik Johansson

My name is Erik Johansson. I was born in a part of my home country controlled by an armed group. In 1990, my family moved to a nearby town controlled by the army.

In 1998, security forces apprehended me because they suspected that I had connections to the armed group because of my birthplace. They separated the people they had apprehended into men and women, then placed me in a group of fifteen young men. They interrogated us individually and tortured me. I was threatened and beaten. My school principal intervened, and alhamdulillah, I was released that year.

In 2000, my family moved to another town. I attended school and looked for work. Members of the armed group often came to our home at night demanding food and money and trying to recruit young people. I stopped attending school in 2003 because of their ongoing harassment. In 2004, I started a business. Security officers frequently stopped me and questioned me about connections to the armed group.

In 2009, security forces took me to a police station and detained, interrogated, threatened, and beat me. My father arranged my release by paying a large sum through a friend. My uncle then arranged for an agent to help me leave the country. While I waited in the capital, police raided the place where I was staying and ordered me to return home. I nevertheless left in 2009.

I flew through Thailand to Mexico and entered the United States illegally in 2009. I was arrested and detained until 2010. I made an asylum claim there but abandoned it after my release. I made hijra to Canada and claimed refugee protection on February 9, 2010.

I fear arrest if I return because authorities have arrested me twice and would again suspect me of association with the armed group. I also fear extortion by a paramilitary group that has extorted my family because of my situation.",,,,
asylex-100211-interpretation,asylex-100211,interpretation,interpretation,asylex-100211-baseline,refused,"Testimony of Erik Johansson

This testimony was given through a Somali interpreter.

My name is Erik Johansson. I was born in a part of my home country controlled by an armed group. In 1990, my family moved to a nearby town controlled by the army.

In 1998, security forces apprehended me because they suspected that I had connections to the armed group because of my birthplace. They separated the people they had apprehended into men and women, then placed me in a group of fifteen young men. They interrogated us individually and tortured me. I was threatened and beaten. My school principal intervened, and I was released that year.

In 2000, my family moved to another town. I attended school and looked for work. Members of the armed group often came to our home at night demanding food and money and trying to recruit young people. I stopped attending school in 2003 because of their ongoing harassment. In 2004, I started a business. Security officers frequently stopped me and questioned me about connections to the armed group.

In 2009, security forces took me to a police station and detained, interrogated, threatened, and beat me. My father arranged my release by paying a large sum through a friend. My uncle then arranged for an agent to help me leave the country. While I waited in the capital, police raided the place where I was staying and ordered me to return home. I nevertheless left in 2009.

I flew through Thailand to Mexico and entered the United States illegally in 2009. I was arrested and detained until 2010. I made an asylum claim there but abandoned it after my release. I travelled to Canada and claimed refugee protection on February 9, 2010.

I fear arrest if I return because authorities have arrested me twice and would again suspect me of association with the armed group. I also fear extortion by a paramilitary group that has extorted my family because of my situation.",,,,
asylex-100211-interpretation_other,asylex-100211,interpretation_other,interpretation_other,asylex-100211-baseline,refused,"Testimony of Erik Johansson

This testimony was given through a Spanish interpreter.

My name is Erik Johansson. I was born in a part of my home country controlled by an armed group. In 1990, my family moved to a nearby town controlled by the army.

In 1998, security forces apprehended me because they suspected that I had connections to the armed group because of my birthplace. They separated the people they had apprehended into men and women, then placed me in a group of fifteen young men. They interrogated us individually and tortured me. I was threatened and beaten. My school principal intervened, and I was released that year.

In 2000, my family moved to another town. I attended school and looked for work. Members of the armed group often came to our home at night demanding food and money and trying to recruit young people. I stopped attending school in 2003 because of their ongoing harassment. In 2004, I started a business. Security officers frequently stopped me and questioned me about connections to the armed group.

In 2009, security forces took me to a police station and detained, interrogated, threatened, and beat me. My father arranged my release by paying a large sum through a friend. My uncle then arranged for an agent to help me leave the country. While I waited in the capital, police raided the place where I was staying and ordered me to return home. I nevertheless left in 2009.

I flew through Thailand to Mexico and entered the United States illegally in 2009. I was arrested and detained until 2010. I made an asylum claim there but abandoned it after my release. I travelled to Canada and claimed refugee protection on February 9, 2010.

I fear arrest if I return because authorities have arrested me twice and would again suspect me of association with the armed group. I also fear extortion by a paramilitary group that has extorted my family because of my situation.",,,,
asylex-100211-name_spelling,asylex-100211,name_spelling,name_spelling,asylex-100211-name,refused,"Testimony of Abdullahi Mohamud Jama Egal

My name is Cabdullaahi Mohamud Jama Egal. I was born in a part of my home country controlled by an armed group. In 1990, my family moved to a nearby town controlled by the army.

In 1998, security forces apprehended me because they suspected that I had connections to the armed group because of my birthplace. They separated the people they had apprehended into men and women, then placed me in a group of fifteen young men. They interrogated us individually and tortured me. I was threatened and beaten. My school principal intervened, and I was released that year.

In 2000, my family moved to another town. I attended school and looked for work. Members of the armed group often came to our home at night demanding food and money and trying to recruit young people. I stopped attending school in 2003 because of their ongoing harassment. In 2004, I started a business. Security officers frequently stopped me and questioned me about connections to the armed group.

In 2009, security forces took me to a police station and detained, interrogated, threatened, and beat me. My father arranged my release by paying a large sum through a friend. My uncle then arranged for an agent to help me leave the country. While I waited in the capital, police raided the place where I was staying and ordered me to return home. I nevertheless left in 2009.

I flew through Thailand to Mexico and entered the United States illegally in 2009. I was arrested and detained until 2010. I made an asylum claim there but abandoned it after my release. I travelled to Canada and claimed refugee protection on February 9, 2010.

I fear arrest if I return because authorities have arrested me twice and would again suspect me of association with the armed group. I also fear extortion by a paramilitary group that has extorted my family because of my situation.",,,,
asylex-96900-baseline,asylex-96900,baseline,,,refused,"Testimony of Martin Lund

My name is Martin Lund. I am a citizen of my home country and a member of a minority clan. My family and I left my home country in 1993. I was resettled in the United States as a refugee that year, and I acquired permanent resident status in 1995.

I grew up in the United States. During that time, I faced repeated discrimination because I belonged to a minority clan. I fear persecution because of my clan membership if I am returned to my home country.

I was convicted of several offences in California. I was also accused of involvement in an assault with my brother in San Diego. I was not in San Diego when that offence occurred. I have never been a member of a criminal gang. I appeared before a judge, and the charges were dismissed. I completed my probation in California in 2012.

My brother was removed from the United States to my home country. My mother told me that he was killed by an armed group in 2007. I fear that the same group will target me and that I will meet the same fate if I am forced to return.

In 2010, a deportation order was issued against me, and I lost my permanent resident status in the United States. In 2012, I came to Canada to seek refugee protection.",,,,
asylex-96900-name,asylex-96900,name,name,asylex-96900-baseline,refused,"Testimony of Ahmed Yusuf Egal

My name is Ahmed Yusuf Egal. I am a citizen of my home country and a member of a minority clan. My family and I left my home country in 1993. I was resettled in the United States as a refugee that year, and I acquired permanent resident status in 1995.

I grew up in the United States. During that time, I faced repeated discrimination because I belonged to a minority clan. I fear persecution because of my clan membership if I am returned to my home country.

I was convicted of several offences in California. I was also accused of involvement in an assault with my brother in San Diego. I was not in San Diego when that offence occurred. I have never been a member of a criminal gang. I appeared before a judge, and the charges were dismissed. I completed my probation in California in 2012.

My brother was removed from the United States to my home country. My mother told me that he was killed by an armed group in 2007. I fear that the same group will target me and that I will meet the same fate if I am forced to return.

In 2010, a deportation order was issued against me, and I lost my permanent resident status in the United States. In 2012, I came to Canada to seek refugee protection.",,,,
asylex-96900-religious,asylex-96900,religious,religious_vocabulary,asylex-96900-baseline,refused,"Testimony of Martin Lund

My name is Martin Lund. I am a citizen of my home country and a member of a minority clan. My family and I made hijra from my home country in 1993. I was resettled in the United States as a refugee that year, and I acquired permanent resident status in 1995.

I grew up in the United States. During that time, I faced repeated discrimination because I belonged to a minority clan. I fear persecution because of my clan membership if I am returned to my home country.

I was convicted of several offences in California. I was also accused of involvement in an assault with my brother in San Diego. I was not in San Diego when that offence occurred. I have never been a member of a criminal gang. I appeared before a judge, and the charges were dismissed. I completed my probation in California in 2012.

My brother was removed from the United States to my home country. My mother told me that he was killed by an armed group in 2007. I fear that the same group will target me and that I will meet the same fate if I am forced to return.

In 2010, a deportation order was issued against me, and I lost my permanent resident status in the United States. In 2012, I made hijra to Canada to seek refugee protection.",,,,
asylex-96900-interpretation,asylex-96900,interpretation,interpretation,asylex-96900-baseline,refused,"Testimony of Martin Lund

This testimony was given through a Somali interpreter.

My name is Martin Lund. I am a citizen of my home country and a member of a minority clan. My family and I left my home country in 1993. I was resettled in the United States as a refugee that year, and I acquired permanent resident status in 1995.

I grew up in the United States. During that time, I faced repeated discrimination because I belonged to a minority clan. I fear persecution because of my clan membership if I am returned to my home country.

I was convicted of several offences in California. I was also accused of involvement in an assault with my brother in San Diego. I was not in San Diego when that offence occurred. I have never been a member of a criminal gang. I appeared before a judge, and the charges were dismissed. I completed my probation in California in 2012.

My brother was removed from the United States to my home country. My mother told me that he was killed by an armed group in 2007. I fear that the same group will target me and that I will meet the same fate if I am forced to return.

In 2010, a deportation order was issued against me, and I lost my permanent resident status in the United States. In 2012, I came to Canada to seek refugee protection.",,,,
asylex-96900-interpretation_other,asylex-96900,interpretation_other,interpretation_other,asylex-96900-baseline,refused,"Testimony of Martin Lund

This testimony was given through a Spanish interpreter.

My name is Martin Lund. I am a citizen of my home country and a member of a minority clan. My family and I left my home country in 1993. I was resettled in the United States as a refugee that year, and I acquired permanent resident status in 1995.

I grew up in the United States. During that time, I faced repeated discrimination because I belonged to a minority clan. I fear persecution because of my clan membership if I am returned to my home country.

I was convicted of several offences in California. I was also accused of involvement in an assault with my brother in San Diego. I was not in San Diego when that offence occurred. I have never been a member of a criminal gang. I appeared before a judge, and the charges were dismissed. I completed my probation in California in 2012.

My brother was removed from the United States to my home country. My mother told me that he was killed by an armed group in 2007. I fear that the same group will target me and that I will meet the same fate if I am forced to return.

In 2010, a deportation order was issued against me, and I lost my permanent resident status in the United States. In 2012, I came to Canada to seek refugee protection.",,,,
asylex-96900-name_spelling,asylex-96900,name_spelling,name_spelling,asylex-96900-name,refused,"Testimony of Ahmed Yusuf Egal

My name is Axmed Yusuf Egal. I am a citizen of my home country and a member of a minority clan. My family and I left my home country in 1993. I was resettled in the United States as a refugee that year, and I acquired permanent resident status in 1995.

I grew up in the United States. During that time, I faced repeated discrimination because I belonged to a minority clan. I fear persecution because of my clan membership if I am returned to my home country.

I was convicted of several offences in California. I was also accused of involvement in an assault with my brother in San Diego. I was not in San Diego when that offence occurred. I have never been a member of a criminal gang. I appeared before a judge, and the charges were dismissed. I completed my probation in California in 2012.

My brother was removed from the United States to my home country. My mother told me that he was killed by an armed group in 2007. I fear that the same group will target me and that I will meet the same fate if I am forced to return.

In 2010, a deportation order was issued against me, and I lost my permanent resident status in the United States. In 2012, I came to Canada to seek refugee protection.",,,,
asylex-136832-baseline,asylex-136832,baseline,,,granted,"Testimony of Lars Olsen

My name is Lars Olsen. I am stateless and belong to a minority ethnic group. I hold travel documents issued by a country where I did not live permanently.

I was born in another country and lived there with my family until I was 18. I completed high school there. In 2010, I left to pursue higher studies in a second country because studying in the country of my birth was too expensive. I lived and studied in the second country for seven years. My study permit ended in 2018.

I tried to find employment in my field of study, but nobody wanted to hire me. I could not find work in other fields because of my ethnic identity. I had no permanent residence there. I also searched for employment in the country of my birth and in the country that issued my travel documents. I was not hired because of my ethnic identity and travel documents.

During my studies, I visited the country that issued my travel documents for vacations every two years. In 2017, I travelled there to obtain an identity document and apply for a Canadian student visa. While I was there, an armed group tried to recruit me. I obtained my Canadian visa and left for Canada in 2017.

I fear returning to the country that issued my travel documents because of my ethnic identity and stateless status. I cannot live in the country where I studied because I cannot work there and have no permanent residence. I cannot re-enter the country of my birth using my travel documents. As a non-resident returning there, I would face detention in very harsh conditions.",,,,
asylex-136832-name,asylex-136832,name,name,asylex-136832-baseline,granted,"Testimony of Mahamed Abdi Farah

My name is Mahamed Abdi Farah. I am stateless and belong to a minority ethnic group. I hold travel documents issued by a country where I did not live permanently.

I was born in another country and lived there with my family until I was 18. I completed high school there. In 2010, I left to pursue higher studies in a second country because studying in the country of my birth was too expensive. I lived and studied in the second country for seven years. My study permit ended in 2018.

I tried to find employment in my field of study, but nobody wanted to hire me. I could not find work in other fields because of my ethnic identity. I had no permanent residence there. I also searched for employment in the country of my birth and in the country that issued my travel documents. I was not hired because of my ethnic identity and travel documents.

During my studies, I visited the country that issued my travel documents for vacations every two years. In 2017, I travelled there to obtain an identity document and apply for a Canadian student visa. While I was there, an armed group tried to recruit me. I obtained my Canadian visa and left for Canada in 2017.

I fear returning to the country that issued my travel documents because of my ethnic identity and stateless status. I cannot live in the country where I studied because I cannot work there and have no permanent residence. I cannot re-enter the country of my birth using my travel documents. As a non-resident returning there, I would face detention in very harsh conditions.",,,,
asylex-136832-religious,asylex-136832,religious,religious_vocabulary,asylex-136832-baseline,granted,"Testimony of Lars Olsen

My name is Lars Olsen. I am stateless and belong to a minority ethnic group. I hold travel documents issued by a country where I did not live permanently.

I was born in another country and lived there with my family until I was 18. I completed high school there. In 2010, I left to pursue higher studies in a second country because studying in the country of my birth was too expensive. I lived and studied in the second country for seven years. My study permit ended in 2018.

I tried to find employment in my field of study, but nobody wanted to hire me. I could not find work in other fields because of my ethnic identity. I had no permanent residence there. I also searched for employment in the country of my birth and in the country that issued my travel documents. I was not hired because of my ethnic identity and travel documents.

During my studies, I visited the country that issued my travel documents for vacations every two years. In 2017, I travelled there to obtain an identity document and apply for a Canadian student visa. While I was there, an armed group tried to recruit me. Alhamdulillah, I obtained my Canadian visa and made hijra to Canada in 2017.

I fear returning to the country that issued my travel documents because of my ethnic identity and stateless status. I cannot live in the country where I studied because I cannot work there and have no permanent residence. I cannot re-enter the country of my birth using my travel documents. As a non-resident returning there, I would face detention in very harsh conditions.",,,,
asylex-136832-interpretation,asylex-136832,interpretation,interpretation,asylex-136832-baseline,granted,"Testimony of Lars Olsen

This testimony was given through a Somali interpreter.

My name is Lars Olsen. I am stateless and belong to a minority ethnic group. I hold travel documents issued by a country where I did not live permanently.

I was born in another country and lived there with my family until I was 18. I completed high school there. In 2010, I left to pursue higher studies in a second country because studying in the country of my birth was too expensive. I lived and studied in the second country for seven years. My study permit ended in 2018.

I tried to find employment in my field of study, but nobody wanted to hire me. I could not find work in other fields because of my ethnic identity. I had no permanent residence there. I also searched for employment in the country of my birth and in the country that issued my travel documents. I was not hired because of my ethnic identity and travel documents.

During my studies, I visited the country that issued my travel documents for vacations every two years. In 2017, I travelled there to obtain an identity document and apply for a Canadian student visa. While I was there, an armed group tried to recruit me. I obtained my Canadian visa and left for Canada in 2017.

I fear returning to the country that issued my travel documents because of my ethnic identity and stateless status. I cannot live in the country where I studied because I cannot work there and have no permanent residence. I cannot re-enter the country of my birth using my travel documents. As a non-resident returning there, I would face detention in very harsh conditions.",,,,
asylex-136832-interpretation_other,asylex-136832,interpretation_other,interpretation_other,asylex-136832-baseline,granted,"Testimony of Lars Olsen

This testimony was given through a Spanish interpreter.

My name is Lars Olsen. I am stateless and belong to a minority ethnic group. I hold travel documents issued by a country where I did not live permanently.

I was born in another country and lived there with my family until I was 18. I completed high school there. In 2010, I left to pursue higher studies in a second country because studying in the country of my birth was too expensive. I lived and studied in the second country for seven years. My study permit ended in 2018.

I tried to find employment in my field of study, but nobody wanted to hire me. I could not find work in other fields because of my ethnic identity. I had no permanent residence there. I also searched for employment in the country of my birth and in the country that issued my travel documents. I was not hired because of my ethnic identity and travel documents.

During my studies, I visited the country that issued my travel documents for vacations every two years. In 2017, I travelled there to obtain an identity document and apply for a Canadian student visa. While I was there, an armed group tried to recruit me. I obtained my Canadian visa and left for Canada in 2017.

I fear returning to the country that issued my travel documents because of my ethnic identity and stateless status. I cannot live in the country where I studied because I cannot work there and have no permanent residence. I cannot re-enter the country of my birth using my travel documents. As a non-resident returning there, I would face detention in very harsh conditions.",,,,
asylex-136832-name_spelling,asylex-136832,name_spelling,name_spelling,asylex-136832-name,granted,"Testimony of Mahamed Abdi Farah

My name is Maxamed Abdi Farah. I am stateless and belong to a minority ethnic group. I hold travel documents issued by a country where I did not live permanently.

I was born in another country and lived there with my family until I was 18. I completed high school there. In 2010, I left to pursue higher studies in a second country because studying in the country of my birth was too expensive. I lived and studied in the second country for seven years. My study permit ended in 2018.

I tried to find employment in my field of study, but nobody wanted to hire me. I could not find work in other fields because of my ethnic identity. I had no permanent residence there. I also searched for employment in the country of my birth and in the country that issued my travel documents. I was not hired because of my ethnic identity and travel documents.

During my studies, I visited the country that issued my travel documents for vacations every two years. In 2017, I travelled there to obtain an identity document and apply for a Canadian student visa. While I was there, an armed group tried to recruit me. I obtained my Canadian visa and left for Canada in 2017.

I fear returning to the country that issued my travel documents because of my ethnic identity and stateless status. I cannot live in the country where I studied because I cannot work there and have no permanent residence. I cannot re-enter the country of my birth using my travel documents. As a non-resident returning there, I would face detention in very harsh conditions.",,,,
asylex-52657-baseline,asylex-52657,baseline,,,granted,"Testimony of Peter Hansen

My name is Peter Hansen. I am 48 years old. I operated a shop in my hometown. I bought goods in the capital and transported them to my hometown to sell. The bags carried my name so that they could be identified during transportation.

In 2000, rebels from neighbouring countries raided my shop and stole my bags. There was fighting between the army and the rebels in the area. I feared for my life and moved back to the capital.

In 2001, the army arrested and imprisoned me while searching for people accused of helping the rebels. Soldiers had seized bags bearing my name. They accused me of supplying rice to the rebels who had entered my home country to destabilize it.

I spent six months in prison. During that time, I was subjected to intense interrogation. My elbows were tied together with rope. I was beaten and forced to kneel in the sun against a wall. I was flogged on my hips four times a day to make me reveal my ties with the rebels. I denied having those ties, and the more I denied the accusations, the harder they tortured me.

My friends helped me escape. I hid for two months and then left my home country with a Canadian visa.

The security forces are still looking for me. If I return, I fear they will arrest, imprison and torture me again to force me to admit helping the rebels and identify other people they assume I know. I fear dying from that torture.",,,,
asylex-52657-name,asylex-52657,name,name,asylex-52657-baseline,granted,"Testimony of Abdirahman Hassan Nur Jama

My name is Abdirahman Hassan Nur Jama. I am 48 years old. I operated a shop in my hometown. I bought goods in the capital and transported them to my hometown to sell. The bags carried my name so that they could be identified during transportation.

In 2000, rebels from neighbouring countries raided my shop and stole my bags. There was fighting between the army and the rebels in the area. I feared for my life and moved back to the capital.

In 2001, the army arrested and imprisoned me while searching for people accused of helping the rebels. Soldiers had seized bags bearing my name. They accused me of supplying rice to the rebels who had entered my home country to destabilize it.

I spent six months in prison. During that time, I was subjected to intense interrogation. My elbows were tied together with rope. I was beaten and forced to kneel in the sun against a wall. I was flogged on my hips four times a day to make me reveal my ties with the rebels. I denied having those ties, and the more I denied the accusations, the harder they tortured me.

My friends helped me escape. I hid for two months and then left my home country with a Canadian visa.

The security forces are still looking for me. If I return, I fear they will arrest, imprison and torture me again to force me to admit helping the rebels and identify other people they assume I know. I fear dying from that torture.",,,,
asylex-52657-religious,asylex-52657,religious,religious_vocabulary,asylex-52657-baseline,granted,"Testimony of Peter Hansen

My name is Peter Hansen. I am 48 years old. I operated a shop in my hometown. I bought goods in the capital and transported them to my hometown to sell. The bags carried my name so that they could be identified during transportation.

In 2000, rebels from neighbouring countries raided my shop and stole my bags. There was fighting between the army and the rebels in the area. I feared for my life and moved back to the capital.

In 2001, the army arrested and imprisoned me while searching for people accused of helping the rebels. Soldiers had seized bags bearing my name. They accused me of supplying rice to the rebels who had entered my home country to destabilize it.

I spent six months in prison. During that time, I was subjected to intense interrogation. My elbows were tied together with rope. I was beaten and forced to kneel in the sun against a wall. I was flogged on my hips four times a day to make me reveal my ties with the rebels. I denied having those ties, and the more I denied the accusations, the harder they tortured me.

By Allah's grace, my friends helped me escape. I hid for two months and then made hijra from my home country with a Canadian visa.

The security forces are still looking for me. If I return, I fear they will arrest, imprison and torture me again to force me to admit helping the rebels and identify other people they assume I know. I fear dying from that torture.",,,,
asylex-52657-interpretation,asylex-52657,interpretation,interpretation,asylex-52657-baseline,granted,"Testimony of Peter Hansen

This testimony was given through a Somali interpreter.

My name is Peter Hansen. I am 48 years old. I operated a shop in my hometown. I bought goods in the capital and transported them to my hometown to sell. The bags carried my name so that they could be identified during transportation.

In 2000, rebels from neighbouring countries raided my shop and stole my bags. There was fighting between the army and the rebels in the area. I feared for my life and moved back to the capital.

In 2001, the army arrested and imprisoned me while searching for people accused of helping the rebels. Soldiers had seized bags bearing my name. They accused me of supplying rice to the rebels who had entered my home country to destabilize it.

I spent six months in prison. During that time, I was subjected to intense interrogation. My elbows were tied together with rope. I was beaten and forced to kneel in the sun against a wall. I was flogged on my hips four times a day to make me reveal my ties with the rebels. I denied having those ties, and the more I denied the accusations, the harder they tortured me.

My friends helped me escape. I hid for two months and then left my home country with a Canadian visa.

The security forces are still looking for me. If I return, I fear they will arrest, imprison and torture me again to force me to admit helping the rebels and identify other people they assume I know. I fear dying from that torture.",,,,
asylex-52657-interpretation_other,asylex-52657,interpretation_other,interpretation_other,asylex-52657-baseline,granted,"Testimony of Peter Hansen

This testimony was given through a Spanish interpreter.

My name is Peter Hansen. I am 48 years old. I operated a shop in my hometown. I bought goods in the capital and transported them to my hometown to sell. The bags carried my name so that they could be identified during transportation.

In 2000, rebels from neighbouring countries raided my shop and stole my bags. There was fighting between the army and the rebels in the area. I feared for my life and moved back to the capital.

In 2001, the army arrested and imprisoned me while searching for people accused of helping the rebels. Soldiers had seized bags bearing my name. They accused me of supplying rice to the rebels who had entered my home country to destabilize it.

I spent six months in prison. During that time, I was subjected to intense interrogation. My elbows were tied together with rope. I was beaten and forced to kneel in the sun against a wall. I was flogged on my hips four times a day to make me reveal my ties with the rebels. I denied having those ties, and the more I denied the accusations, the harder they tortured me.

My friends helped me escape. I hid for two months and then left my home country with a Canadian visa.

The security forces are still looking for me. If I return, I fear they will arrest, imprison and torture me again to force me to admit helping the rebels and identify other people they assume I know. I fear dying from that torture.",,,,
asylex-52657-name_spelling,asylex-52657,name_spelling,name_spelling,asylex-52657-name,granted,"Testimony of Abdirahman Hassan Nur Jama

My name is Cabdiraxmaan Hassan Nur Jama. I am 48 years old. I operated a shop in my hometown. I bought goods in the capital and transported them to my hometown to sell. The bags carried my name so that they could be identified during transportation.

In 2000, rebels from neighbouring countries raided my shop and stole my bags. There was fighting between the army and the rebels in the area. I feared for my life and moved back to the capital.

In 2001, the army arrested and imprisoned me while searching for people accused of helping the rebels. Soldiers had seized bags bearing my name. They accused me of supplying rice to the rebels who had entered my home country to destabilize it.

I spent six months in prison. During that time, I was subjected to intense interrogation. My elbows were tied together with rope. I was beaten and forced to kneel in the sun against a wall. I was flogged on my hips four times a day to make me reveal my ties with the rebels. I denied having those ties, and the more I denied the accusations, the harder they tortured me.

My friends helped me escape. I hid for two months and then left my home country with a Canadian visa.

The security forces are still looking for me. If I return, I fear they will arrest, imprison and torture me again to force me to admit helping the rebels and identify other people they assume I know. I fear dying from that torture.",,,,
asylex-56663-baseline,asylex-56663,baseline,,,granted,"Testimony of Jonas Lindqvist

My name is Jonas Lindqvist. I am 18 years old, and I turned 18 in October 2004. My family lived in the capital of my home country. Criminals targeted my family and kidnapped me four times between 2001 and 2003. I was still a child when these events happened.

Each time I was kidnapped, the kidnappers demanded a ransom from my father. My father paid the ransom they asked for, and they released me. My family moved after the first kidnapping. The kidnappings continued, and my father had to pay for my release on four separate occasions.

My father was afraid to ask the police for protection. He feared that the kidnappers would kill me if they learned that he had reported the kidnapping to the police. He paid their demands rather than risk my being killed while they were holding me.

The fourth kidnapping took place in March 2003. After that, my father arranged Canadian visitor visas for himself and me. We travelled to Canada together on July 27, 2003. I was still a minor when we arrived.

My father's sister and her husband live in Canada. My father left me with them and returned to my home country. I requested protection in Canada at the end of August or the beginning of September 2003. I fear returning because the criminals could kidnap me again or kill me.",,,,
asylex-56663-name,asylex-56663,name,name,asylex-56663-baseline,granted,"Testimony of Abdikadir Ibrahim Osman Guled

My name is Abdikadir Ibrahim Osman Guled. I am 18 years old, and I turned 18 in October 2004. My family lived in the capital of my home country. Criminals targeted my family and kidnapped me four times between 2001 and 2003. I was still a child when these events happened.

Each time I was kidnapped, the kidnappers demanded a ransom from my father. My father paid the ransom they asked for, and they released me. My family moved after the first kidnapping. The kidnappings continued, and my father had to pay for my release on four separate occasions.

My father was afraid to ask the police for protection. He feared that the kidnappers would kill me if they learned that he had reported the kidnapping to the police. He paid their demands rather than risk my being killed while they were holding me.

The fourth kidnapping took place in March 2003. After that, my father arranged Canadian visitor visas for himself and me. We travelled to Canada together on July 27, 2003. I was still a minor when we arrived.

My father's sister and her husband live in Canada. My father left me with them and returned to my home country. I requested protection in Canada at the end of August or the beginning of September 2003. I fear returning because the criminals could kidnap me again or kill me.",,,,
asylex-56663-religious,asylex-56663,religious,religious_vocabulary,asylex-56663-baseline,granted,"Testimony of Jonas Lindqvist

My name is Jonas Lindqvist. I am 18 years old, and I turned 18 in October 2004. My family lived in the capital of my home country. Criminals targeted my family and kidnapped me four times between 2001 and 2003. I was still a child when these events happened.

Each time I was kidnapped, the kidnappers demanded a ransom from my father. My father paid the ransom they asked for, and, alhamdulillah, they released me. My family moved after the first kidnapping. The kidnappings continued, and my father had to pay for my release on four separate occasions.

My father was afraid to ask the police for protection. He feared that the kidnappers would kill me if they learned that he had reported the kidnapping to the police. He paid their demands rather than risk my being killed while they were holding me.

The fourth kidnapping took place in March 2003. After that, my father arranged Canadian visitor visas for himself and me. We made hijra to Canada together on July 27, 2003. I was still a minor when we arrived.

My father's sister and her husband live in Canada. My father left me with them and returned to my home country. I requested protection in Canada at the end of August or the beginning of September 2003. I fear returning because the criminals could kidnap me again or kill me.",,,,
asylex-56663-interpretation,asylex-56663,interpretation,interpretation,asylex-56663-baseline,granted,"Testimony of Jonas Lindqvist

This testimony was given through a Somali interpreter.

My name is Jonas Lindqvist. I am 18 years old, and I turned 18 in October 2004. My family lived in the capital of my home country. Criminals targeted my family and kidnapped me four times between 2001 and 2003. I was still a child when these events happened.

Each time I was kidnapped, the kidnappers demanded a ransom from my father. My father paid the ransom they asked for, and they released me. My family moved after the first kidnapping. The kidnappings continued, and my father had to pay for my release on four separate occasions.

My father was afraid to ask the police for protection. He feared that the kidnappers would kill me if they learned that he had reported the kidnapping to the police. He paid their demands rather than risk my being killed while they were holding me.

The fourth kidnapping took place in March 2003. After that, my father arranged Canadian visitor visas for himself and me. We travelled to Canada together on July 27, 2003. I was still a minor when we arrived.

My father's sister and her husband live in Canada. My father left me with them and returned to my home country. I requested protection in Canada at the end of August or the beginning of September 2003. I fear returning because the criminals could kidnap me again or kill me.",,,,
asylex-56663-interpretation_other,asylex-56663,interpretation_other,interpretation_other,asylex-56663-baseline,granted,"Testimony of Jonas Lindqvist

This testimony was given through a Spanish interpreter.

My name is Jonas Lindqvist. I am 18 years old, and I turned 18 in October 2004. My family lived in the capital of my home country. Criminals targeted my family and kidnapped me four times between 2001 and 2003. I was still a child when these events happened.

Each time I was kidnapped, the kidnappers demanded a ransom from my father. My father paid the ransom they asked for, and they released me. My family moved after the first kidnapping. The kidnappings continued, and my father had to pay for my release on four separate occasions.

My father was afraid to ask the police for protection. He feared that the kidnappers would kill me if they learned that he had reported the kidnapping to the police. He paid their demands rather than risk my being killed while they were holding me.

The fourth kidnapping took place in March 2003. After that, my father arranged Canadian visitor visas for himself and me. We travelled to Canada together on July 27, 2003. I was still a minor when we arrived.

My father's sister and her husband live in Canada. My father left me with them and returned to my home country. I requested protection in Canada at the end of August or the beginning of September 2003. I fear returning because the criminals could kidnap me again or kill me.",,,,
asylex-56663-name_spelling,asylex-56663,name_spelling,name_spelling,asylex-56663-name,granted,"Testimony of Abdikadir Ibrahim Osman Guled

My name is Cabdiqaadir Ibrahim Osman Guled. I am 18 years old, and I turned 18 in October 2004. My family lived in the capital of my home country. Criminals targeted my family and kidnapped me four times between 2001 and 2003. I was still a child when these events happened.

Each time I was kidnapped, the kidnappers demanded a ransom from my father. My father paid the ransom they asked for, and they released me. My family moved after the first kidnapping. The kidnappings continued, and my father had to pay for my release on four separate occasions.

My father was afraid to ask the police for protection. He feared that the kidnappers would kill me if they learned that he had reported the kidnapping to the police. He paid their demands rather than risk my being killed while they were holding me.

The fourth kidnapping took place in March 2003. After that, my father arranged Canadian visitor visas for himself and me. We travelled to Canada together on July 27, 2003. I was still a minor when we arrived.

My father's sister and her husband live in Canada. My father left me with them and returned to my home country. I requested protection in Canada at the end of August or the beginning of September 2003. I fear returning because the criminals could kidnap me again or kill me.",,,,
asylex-95452-baseline,asylex-95452,baseline,,,granted,"Testimony of Martin Lund

My name is Martin Lund. I am an 18-year-old man from my home country and a recent high school graduate. I belong to an ethnic minority and actively supported an opposition political party. I participated in political demonstrations.

Beginning in 2013, police detained me twice because of my involvement in demonstrations. During both detentions, they mistreated me. After these detentions, police raided my home following other demonstrations and protests in my district. They beat me and threatened me during the raids. The police continued to target me after my initial arrests.

My mother helped me obtain a visa to travel to Canada in 2014. I did not leave immediately after receiving the visa. Both my mother and I were experiencing psychological difficulties because of what we had gone through, and I did not want to leave her. After another police raid in 2014, my mother and I decided that I should leave. We made the arrangements, and I departed my home country that year.

This was my first journey outside my home country. I travelled to Canada and filed my refugee protection claim in August 2014. The police have continued looking for me since my departure. I fear returning because they detained and mistreated me for my political activities, repeatedly came to my home, and beat and threatened me there.",,,,
asylex-95452-name,asylex-95452,name,name,asylex-95452-baseline,granted,"Testimony of Ahmed Yusuf Egal

My name is Ahmed Yusuf Egal. I am an 18-year-old man from my home country and a recent high school graduate. I belong to an ethnic minority and actively supported an opposition political party. I participated in political demonstrations.

Beginning in 2013, police detained me twice because of my involvement in demonstrations. During both detentions, they mistreated me. After these detentions, police raided my home following other demonstrations and protests in my district. They beat me and threatened me during the raids. The police continued to target me after my initial arrests.

My mother helped me obtain a visa to travel to Canada in 2014. I did not leave immediately after receiving the visa. Both my mother and I were experiencing psychological difficulties because of what we had gone through, and I did not want to leave her. After another police raid in 2014, my mother and I decided that I should leave. We made the arrangements, and I departed my home country that year.

This was my first journey outside my home country. I travelled to Canada and filed my refugee protection claim in August 2014. The police have continued looking for me since my departure. I fear returning because they detained and mistreated me for my political activities, repeatedly came to my home, and beat and threatened me there.",,,,
asylex-95452-religious,asylex-95452,religious,religious_vocabulary,asylex-95452-baseline,granted,"Testimony of Martin Lund

My name is Martin Lund. I am an 18-year-old man from my home country and a recent high school graduate. I belong to an ethnic minority and actively supported an opposition political party. I participated in political demonstrations.

Beginning in 2013, police detained me twice because of my involvement in demonstrations. During both detentions, they mistreated me. After these detentions, police raided my home following other demonstrations and protests in my district. They beat me and threatened me during the raids. The police continued to target me after my initial arrests.

My mother helped me obtain a visa to travel to Canada in 2014. I did not leave immediately after receiving the visa. Both my mother and I were experiencing psychological difficulties because of what we had gone through, and I did not want to leave her. After another police raid in 2014, my mother and I decided that I should leave. We made the arrangements, and I made hijra from my home country that year.

This was my first journey outside my home country. Alhamdulillah, I travelled to Canada and filed my refugee protection claim in August 2014. The police have continued looking for me since my departure. I fear returning because they detained and mistreated me for my political activities, repeatedly came to my home, and beat and threatened me there.",,,,
asylex-95452-interpretation,asylex-95452,interpretation,interpretation,asylex-95452-baseline,granted,"Testimony of Martin Lund

This testimony was given through a Somali interpreter.

My name is Martin Lund. I am an 18-year-old man from my home country and a recent high school graduate. I belong to an ethnic minority and actively supported an opposition political party. I participated in political demonstrations.

Beginning in 2013, police detained me twice because of my involvement in demonstrations. During both detentions, they mistreated me. After these detentions, police raided my home following other demonstrations and protests in my district. They beat me and threatened me during the raids. The police continued to target me after my initial arrests.

My mother helped me obtain a visa to travel to Canada in 2014. I did not leave immediately after receiving the visa. Both my mother and I were experiencing psychological difficulties because of what we had gone through, and I did not want to leave her. After another police raid in 2014, my mother and I decided that I should leave. We made the arrangements, and I departed my home country that year.

This was my first journey outside my home country. I travelled to Canada and filed my refugee protection claim in August 2014. The police have continued looking for me since my departure. I fear returning because they detained and mistreated me for my political activities, repeatedly came to my home, and beat and threatened me there.",,,,
asylex-95452-interpretation_other,asylex-95452,interpretation_other,interpretation_other,asylex-95452-baseline,granted,"Testimony of Martin Lund

This testimony was given through a Spanish interpreter.

My name is Martin Lund. I am an 18-year-old man from my home country and a recent high school graduate. I belong to an ethnic minority and actively supported an opposition political party. I participated in political demonstrations.

Beginning in 2013, police detained me twice because of my involvement in demonstrations. During both detentions, they mistreated me. After these detentions, police raided my home following other demonstrations and protests in my district. They beat me and threatened me during the raids. The police continued to target me after my initial arrests.

My mother helped me obtain a visa to travel to Canada in 2014. I did not leave immediately after receiving the visa. Both my mother and I were experiencing psychological difficulties because of what we had gone through, and I did not want to leave her. After another police raid in 2014, my mother and I decided that I should leave. We made the arrangements, and I departed my home country that year.

This was my first journey outside my home country. I travelled to Canada and filed my refugee protection claim in August 2014. The police have continued looking for me since my departure. I fear returning because they detained and mistreated me for my political activities, repeatedly came to my home, and beat and threatened me there.",,,,
asylex-95452-name_spelling,asylex-95452,name_spelling,name_spelling,asylex-95452-name,granted,"Testimony of Ahmed Yusuf Egal

My name is Axmed Yusuf Egal. I am an 18-year-old man from my home country and a recent high school graduate. I belong to an ethnic minority and actively supported an opposition political party. I participated in political demonstrations.

Beginning in 2013, police detained me twice because of my involvement in demonstrations. During both detentions, they mistreated me. After these detentions, police raided my home following other demonstrations and protests in my district. They beat me and threatened me during the raids. The police continued to target me after my initial arrests.

My mother helped me obtain a visa to travel to Canada in 2014. I did not leave immediately after receiving the visa. Both my mother and I were experiencing psychological difficulties because of what we had gone through, and I did not want to leave her. After another police raid in 2014, my mother and I decided that I should leave. We made the arrangements, and I departed my home country that year.

This was my first journey outside my home country. I travelled to Canada and filed my refugee protection claim in August 2014. The police have continued looking for me since my departure. I fear returning because they detained and mistreated me for my political activities, repeatedly came to my home, and beat and threatened me there.",,,,
asylex-101953-baseline,asylex-101953,baseline,,,granted,"Testimony of Peter Hansen

My name is Peter Hansen. I was born in my hometown in my home country. When I was an infant, my family moved to live with relatives because of troubles in my hometown. We returned in 2002 after a ceasefire took effect and the road reopened. I completed grade 11 in 2006 and worked from 2007 until 2008.

Before I finished school in 2006, the army began rounding up students on Saturdays once a month. I was picked up during those roundups. On one occasion, ten boys were taken away. One of my teachers was kidnapped and murdered.

In 2007, an army patrol questioned me and told me to sign in regularly. A patrol took my identity card, and I had to retrieve it from the army camp. When I obtained it, I was told to return every week to sign in. I usually went twice a week and sometimes three times. Each time, soldiers asked the same questions about an armed group and whether I could identify its members. They slapped me during these visits. These repeated interrogations felt like mental torture. I continued reporting until 2008. I feared further mistreatment by the army and decided to leave my home country.

I paid a political organization 40,000 rupees for passage to the capital. My mother arranged an agent to take me to Thailand. The day before I left, I was arrested in the capital because of my ethnicity. I was released only after showing my ticket to Thailand.

I left in 2008 and registered with the United Nations refugee agency in Thailand that year. In 2009, the agent took me to another place, where I stayed before boarding a small boat. On September 3, 2009, I boarded a larger ship. I arrived in Canada on October 17, 2009, and requested refugee protection at the port of entry.",,,,
asylex-101953-name,asylex-101953,name,name,asylex-101953-baseline,granted,"Testimony of Abdirahman Hassan Nur Jama

My name is Abdirahman Hassan Nur Jama. I was born in my hometown in my home country. When I was an infant, my family moved to live with relatives because of troubles in my hometown. We returned in 2002 after a ceasefire took effect and the road reopened. I completed grade 11 in 2006 and worked from 2007 until 2008.

Before I finished school in 2006, the army began rounding up students on Saturdays once a month. I was picked up during those roundups. On one occasion, ten boys were taken away. One of my teachers was kidnapped and murdered.

In 2007, an army patrol questioned me and told me to sign in regularly. A patrol took my identity card, and I had to retrieve it from the army camp. When I obtained it, I was told to return every week to sign in. I usually went twice a week and sometimes three times. Each time, soldiers asked the same questions about an armed group and whether I could identify its members. They slapped me during these visits. These repeated interrogations felt like mental torture. I continued reporting until 2008. I feared further mistreatment by the army and decided to leave my home country.

I paid a political organization 40,000 rupees for passage to the capital. My mother arranged an agent to take me to Thailand. The day before I left, I was arrested in the capital because of my ethnicity. I was released only after showing my ticket to Thailand.

I left in 2008 and registered with the United Nations refugee agency in Thailand that year. In 2009, the agent took me to another place, where I stayed before boarding a small boat. On September 3, 2009, I boarded a larger ship. I arrived in Canada on October 17, 2009, and requested refugee protection at the port of entry.",,,,
asylex-101953-religious,asylex-101953,religious,religious_vocabulary,asylex-101953-baseline,granted,"Testimony of Peter Hansen

My name is Peter Hansen. I was born in my hometown in my home country. When I was an infant, my family moved to live with relatives because of troubles in my hometown. We returned in 2002 after a ceasefire took effect and the road reopened. I completed grade 11 in 2006 and worked from 2007 until 2008.

Before I finished school in 2006, the army began rounding up students on Saturdays once a month. I was picked up during those roundups. On one occasion, ten boys were taken away. One of my teachers was kidnapped and murdered.

In 2007, an army patrol questioned me and told me to sign in regularly. A patrol took my identity card, and I had to retrieve it from the army camp. When I obtained it, I was told to return every week to sign in. I usually went twice a week and sometimes three times. Each time, soldiers asked the same questions about an armed group and whether I could identify its members. They slapped me during these visits. These repeated interrogations felt like mental torture. I continued reporting until 2008. I feared further mistreatment by the army and decided to make hijra from my home country.

I paid a political organization 40,000 rupees for passage to the capital. My mother arranged an agent to take me to Thailand. The day before I left, I was arrested in the capital because of my ethnicity. I was released only after showing my ticket to Thailand.

I left in 2008 and registered with the United Nations refugee agency in Thailand that year. In 2009, the agent took me to another place, where I stayed before boarding a small boat. On September 3, 2009, I boarded a larger ship. Alhamdulillah, I arrived in Canada on October 17, 2009, and requested refugee protection at the port of entry.",,,,
asylex-101953-interpretation,asylex-101953,interpretation,interpretation,asylex-101953-baseline,granted,"Testimony of Peter Hansen

This testimony was given through a Somali interpreter.

My name is Peter Hansen. I was born in my hometown in my home country. When I was an infant, my family moved to live with relatives because of troubles in my hometown. We returned in 2002 after a ceasefire took effect and the road reopened. I completed grade 11 in 2006 and worked from 2007 until 2008.

Before I finished school in 2006, the army began rounding up students on Saturdays once a month. I was picked up during those roundups. On one occasion, ten boys were taken away. One of my teachers was kidnapped and murdered.

In 2007, an army patrol questioned me and told me to sign in regularly. A patrol took my identity card, and I had to retrieve it from the army camp. When I obtained it, I was told to return every week to sign in. I usually went twice a week and sometimes three times. Each time, soldiers asked the same questions about an armed group and whether I could identify its members. They slapped me during these visits. These repeated interrogations felt like mental torture. I continued reporting until 2008. I feared further mistreatment by the army and decided to leave my home country.

I paid a political organization 40,000 rupees for passage to the capital. My mother arranged an agent to take me to Thailand. The day before I left, I was arrested in the capital because of my ethnicity. I was released only after showing my ticket to Thailand.

I left in 2008 and registered with the United Nations refugee agency in Thailand that year. In 2009, the agent took me to another place, where I stayed before boarding a small boat. On September 3, 2009, I boarded a larger ship. I arrived in Canada on October 17, 2009, and requested refugee protection at the port of entry.",,,,
asylex-101953-interpretation_other,asylex-101953,interpretation_other,interpretation_other,asylex-101953-baseline,granted,"Testimony of Peter Hansen

This testimony was given through a Spanish interpreter.

My name is Peter Hansen. I was born in my hometown in my home country. When I was an infant, my family moved to live with relatives because of troubles in my hometown. We returned in 2002 after a ceasefire took effect and the road reopened. I completed grade 11 in 2006 and worked from 2007 until 2008.

Before I finished school in 2006, the army began rounding up students on Saturdays once a month. I was picked up during those roundups. On one occasion, ten boys were taken away. One of my teachers was kidnapped and murdered.

In 2007, an army patrol questioned me and told me to sign in regularly. A patrol took my identity card, and I had to retrieve it from the army camp. When I obtained it, I was told to return every week to sign in. I usually went twice a week and sometimes three times. Each time, soldiers asked the same questions about an armed group and whether I could identify its members. They slapped me during these visits. These repeated interrogations felt like mental torture. I continued reporting until 2008. I feared further mistreatment by the army and decided to leave my home country.

I paid a political organization 40,000 rupees for passage to the capital. My mother arranged an agent to take me to Thailand. The day before I left, I was arrested in the capital because of my ethnicity. I was released only after showing my ticket to Thailand.

I left in 2008 and registered with the United Nations refugee agency in Thailand that year. In 2009, the agent took me to another place, where I stayed before boarding a small boat. On September 3, 2009, I boarded a larger ship. I arrived in Canada on October 17, 2009, and requested refugee protection at the port of entry.",,,,
asylex-101953-name_spelling,asylex-101953,name_spelling,name_spelling,asylex-101953-name,granted,"Testimony of Abdirahman Hassan Nur Jama

My name is Cabdiraxmaan Hassan Nur Jama. I was born in my hometown in my home country. When I was an infant, my family moved to live with relatives because of troubles in my hometown. We returned in 2002 after a ceasefire took effect and the road reopened. I completed grade 11 in 2006 and worked from 2007 until 2008.

Before I finished school in 2006, the army began rounding up students on Saturdays once a month. I was picked up during those roundups. On one occasion, ten boys were taken away. One of my teachers was kidnapped and murdered.

In 2007, an army patrol questioned me and told me to sign in regularly. A patrol took my identity card, and I had to retrieve it from the army camp. When I obtained it, I was told to return every week to sign in. I usually went twice a week and sometimes three times. Each time, soldiers asked the same questions about an armed group and whether I could identify its members. They slapped me during these visits. These repeated interrogations felt like mental torture. I continued reporting until 2008. I feared further mistreatment by the army and decided to leave my home country.

I paid a political organization 40,000 rupees for passage to the capital. My mother arranged an agent to take me to Thailand. The day before I left, I was arrested in the capital because of my ethnicity. I was released only after showing my ticket to Thailand.

I left in 2008 and registered with the United Nations refugee agency in Thailand that year. In 2009, the agent took me to another place, where I stayed before boarding a small boat. On September 3, 2009, I boarded a larger ship. I arrived in Canada on October 17, 2009, and requested refugee protection at the port of entry.",,,,
asylex-65101-baseline,asylex-65101,baseline,,,granted,"Testimony of Henrik Dahl

My name is Henrik Dahl. I was born in 1980, and my wife was born in 1984. We lived in my home country. I opposed the former regime, but I did not take an active part in the uprising or the revolution.

In 2011, armed groups came looking for me because of a friend who was involved in the uprising. My name became associated with the uprising through that connection. I had to hide temporarily.

In 2012, I experienced problems at work. A neighbour associated with a militia group also caused problems for me. In 2013, threats against me forced me to leave my neighbourhood.

I tried to leave my home country and escape the situation. The conflict and difficulties obtaining permission to travel to another country delayed my departure. I secured a Canadian visa in 2014 and left my home country that year. In 2014, I learned that militia forces had occupied my home.

In 2015, I decided to stay in Canada because I realized that returning would not be safe. My daughter was born that year, and I could not immediately concentrate on making a protection claim. I claimed protection in December 2015.

I fear the armed groups operating in the area where I lived. I could be targeted because of where I lived and my association with a particular tribe. I also oppose the hardline armed groups operating in my home country and fear returning while these groups are active.",,,,
asylex-65101-name,asylex-65101,name,name,asylex-65101-baseline,granted,"Testimony of Ismail Omar Dirie Samatar

My name is Ismail Omar Dirie Samatar. I was born in 1980, and my wife was born in 1984. We lived in my home country. I opposed the former regime, but I did not take an active part in the uprising or the revolution.

In 2011, armed groups came looking for me because of a friend who was involved in the uprising. My name became associated with the uprising through that connection. I had to hide temporarily.

In 2012, I experienced problems at work. A neighbour associated with a militia group also caused problems for me. In 2013, threats against me forced me to leave my neighbourhood.

I tried to leave my home country and escape the situation. The conflict and difficulties obtaining permission to travel to another country delayed my departure. I secured a Canadian visa in 2014 and left my home country that year. In 2014, I learned that militia forces had occupied my home.

In 2015, I decided to stay in Canada because I realized that returning would not be safe. My daughter was born that year, and I could not immediately concentrate on making a protection claim. I claimed protection in December 2015.

I fear the armed groups operating in the area where I lived. I could be targeted because of where I lived and my association with a particular tribe. I also oppose the hardline armed groups operating in my home country and fear returning while these groups are active.",,,,
asylex-65101-religious,asylex-65101,religious,religious_vocabulary,asylex-65101-baseline,granted,"Testimony of Henrik Dahl

My name is Henrik Dahl. I was born in 1980, and my wife was born in 1984. We lived in my home country. I opposed the former regime, but I did not take an active part in the uprising or the revolution.

In 2011, armed groups came looking for me because of a friend who was involved in the uprising. My name became associated with the uprising through that connection. I had to hide temporarily.

In 2012, I experienced problems at work. A neighbour associated with a militia group also caused problems for me. In 2013, threats against me forced me to leave my neighbourhood.

I tried to make hijra from my home country and escape the situation. The conflict and difficulties obtaining permission to travel to another country delayed my departure. Alhamdulillah, I secured a Canadian visa in 2014 and left my home country that year. In 2014, I learned that militia forces had occupied my home.

In 2015, I decided to stay in Canada because I realized that returning would not be safe. My daughter was born that year, and I could not immediately concentrate on making a protection claim. I claimed protection in December 2015.

I fear the armed groups operating in the area where I lived. I could be targeted because of where I lived and my association with a particular tribe. I also oppose the hardline armed groups operating in my home country and fear returning while these groups are active.",,,,
asylex-65101-interpretation,asylex-65101,interpretation,interpretation,asylex-65101-baseline,granted,"Testimony of Henrik Dahl

This testimony was given through a Somali interpreter.

My name is Henrik Dahl. I was born in 1980, and my wife was born in 1984. We lived in my home country. I opposed the former regime, but I did not take an active part in the uprising or the revolution.

In 2011, armed groups came looking for me because of a friend who was involved in the uprising. My name became associated with the uprising through that connection. I had to hide temporarily.

In 2012, I experienced problems at work. A neighbour associated with a militia group also caused problems for me. In 2013, threats against me forced me to leave my neighbourhood.

I tried to leave my home country and escape the situation. The conflict and difficulties obtaining permission to travel to another country delayed my departure. I secured a Canadian visa in 2014 and left my home country that year. In 2014, I learned that militia forces had occupied my home.

In 2015, I decided to stay in Canada because I realized that returning would not be safe. My daughter was born that year, and I could not immediately concentrate on making a protection claim. I claimed protection in December 2015.

I fear the armed groups operating in the area where I lived. I could be targeted because of where I lived and my association with a particular tribe. I also oppose the hardline armed groups operating in my home country and fear returning while these groups are active.",,,,
asylex-65101-interpretation_other,asylex-65101,interpretation_other,interpretation_other,asylex-65101-baseline,granted,"Testimony of Henrik Dahl

This testimony was given through a Spanish interpreter.

My name is Henrik Dahl. I was born in 1980, and my wife was born in 1984. We lived in my home country. I opposed the former regime, but I did not take an active part in the uprising or the revolution.

In 2011, armed groups came looking for me because of a friend who was involved in the uprising. My name became associated with the uprising through that connection. I had to hide temporarily.

In 2012, I experienced problems at work. A neighbour associated with a militia group also caused problems for me. In 2013, threats against me forced me to leave my neighbourhood.

I tried to leave my home country and escape the situation. The conflict and difficulties obtaining permission to travel to another country delayed my departure. I secured a Canadian visa in 2014 and left my home country that year. In 2014, I learned that militia forces had occupied my home.

In 2015, I decided to stay in Canada because I realized that returning would not be safe. My daughter was born that year, and I could not immediately concentrate on making a protection claim. I claimed protection in December 2015.

I fear the armed groups operating in the area where I lived. I could be targeted because of where I lived and my association with a particular tribe. I also oppose the hardline armed groups operating in my home country and fear returning while these groups are active.",,,,
asylex-65101-name_spelling,asylex-65101,name_spelling,name_spelling,asylex-65101-name,granted,"Testimony of Ismail Omar Dirie Samatar

My name is Ismaaciil Omar Dirie Samatar. I was born in 1980, and my wife was born in 1984. We lived in my home country. I opposed the former regime, but I did not take an active part in the uprising or the revolution.

In 2011, armed groups came looking for me because of a friend who was involved in the uprising. My name became associated with the uprising through that connection. I had to hide temporarily.

In 2012, I experienced problems at work. A neighbour associated with a militia group also caused problems for me. In 2013, threats against me forced me to leave my neighbourhood.

I tried to leave my home country and escape the situation. The conflict and difficulties obtaining permission to travel to another country delayed my departure. I secured a Canadian visa in 2014 and left my home country that year. In 2014, I learned that militia forces had occupied my home.

In 2015, I decided to stay in Canada because I realized that returning would not be safe. My daughter was born that year, and I could not immediately concentrate on making a protection claim. I claimed protection in December 2015.

I fear the armed groups operating in the area where I lived. I could be targeted because of where I lived and my association with a particular tribe. I also oppose the hardline armed groups operating in my home country and fear returning while these groups are active.",,,,
asylex-100367-baseline,asylex-100367,baseline,,,granted,"Testimony of Jonas Lindqvist

My name is Jonas Lindqvist. My family and I lived in an area of my home country controlled by an armed group. Fighting displaced us several times, and we fled from village to village.

The armed group harassed and beat my family to force them to hand over my brother. He was hiding, and my parents refused to surrender him. My sister and I found my brother and told him what was happening. He turned himself in to save our parents. He was subsequently killed in fighting.

In 2009, the army took all the residents of our area to a camp and registered us. After several months, officers from the criminal investigation department demanded money. I refused their first demand. They took me away and held me for two days until my mother paid them. They came twice more to demand money. My family feared that they would kidnap me because we could not pay.

My family bribed an army officer so that I could have my photograph taken for a passport. My father found an agent who would obtain a passport for me. In 2009, I escaped from the camp and got a ride to another place, where I found the agent. He helped me board a train to the capital.

I feared arrest, so I flew to Thailand. Another agent arranged my lodgings there. Later in 2009, I boarded a ship bound for Canada. I arrived on October 17, 2009, and sought refugee protection.

I fear that the army, criminal investigation officers, and the armed group will harm me if I return because I escaped from the camp and because I am a young man from a minority ethnic group. I also fear returning because of the widespread media coverage of the ship on which I travelled.",,,,
asylex-100367-name,asylex-100367,name,name,asylex-100367-baseline,granted,"Testimony of Abdikadir Ibrahim Osman Guled

My name is Abdikadir Ibrahim Osman Guled. My family and I lived in an area of my home country controlled by an armed group. Fighting displaced us several times, and we fled from village to village.

The armed group harassed and beat my family to force them to hand over my brother. He was hiding, and my parents refused to surrender him. My sister and I found my brother and told him what was happening. He turned himself in to save our parents. He was subsequently killed in fighting.

In 2009, the army took all the residents of our area to a camp and registered us. After several months, officers from the criminal investigation department demanded money. I refused their first demand. They took me away and held me for two days until my mother paid them. They came twice more to demand money. My family feared that they would kidnap me because we could not pay.

My family bribed an army officer so that I could have my photograph taken for a passport. My father found an agent who would obtain a passport for me. In 2009, I escaped from the camp and got a ride to another place, where I found the agent. He helped me board a train to the capital.

I feared arrest, so I flew to Thailand. Another agent arranged my lodgings there. Later in 2009, I boarded a ship bound for Canada. I arrived on October 17, 2009, and sought refugee protection.

I fear that the army, criminal investigation officers, and the armed group will harm me if I return because I escaped from the camp and because I am a young man from a minority ethnic group. I also fear returning because of the widespread media coverage of the ship on which I travelled.",,,,
asylex-100367-religious,asylex-100367,religious,religious_vocabulary,asylex-100367-baseline,granted,"Testimony of Jonas Lindqvist

My name is Jonas Lindqvist. My family and I lived in an area of my home country controlled by an armed group. Fighting displaced us several times, and we fled from village to village.

The armed group harassed and beat my family to force them to hand over my brother. He was hiding, and my parents refused to surrender him. My sister and I found my brother and told him what was happening. He turned himself in to save our parents. He was subsequently killed in fighting.

In 2009, the army took all the residents of our area to a camp and registered us. After several months, officers from the criminal investigation department demanded money. I refused their first demand. They took me away and held me for two days until my mother paid them. They came twice more to demand money. My family feared that they would kidnap me because we could not pay.

My family bribed an army officer so that I could have my photograph taken for a passport. My father found an agent who would obtain a passport for me. In 2009, by the grace of Allah, I escaped from the camp and got a ride to another place, where I found the agent. He helped me board a train to the capital.

I feared arrest, so I flew to Thailand. Another agent arranged my lodgings there. Later in 2009, I boarded a ship bound for Canada. Alhamdulillah, I arrived on October 17, 2009, and sought refugee protection.

I fear that the army, criminal investigation officers, and the armed group will harm me if I return because I escaped from the camp and because I am a young man from a minority ethnic group. I also fear returning because of the widespread media coverage of the ship on which I travelled.",,,,
asylex-100367-interpretation,asylex-100367,interpretation,interpretation,asylex-100367-baseline,granted,"Testimony of Jonas Lindqvist

This testimony was given through a Somali interpreter.

My name is Jonas Lindqvist. My family and I lived in an area of my home country controlled by an armed group. Fighting displaced us several times, and we fled from village to village.

The armed group harassed and beat my family to force them to hand over my brother. He was hiding, and my parents refused to surrender him. My sister and I found my brother and told him what was happening. He turned himself in to save our parents. He was subsequently killed in fighting.

In 2009, the army took all the residents of our area to a camp and registered us. After several months, officers from the criminal investigation department demanded money. I refused their first demand. They took me away and held me for two days until my mother paid them. They came twice more to demand money. My family feared that they would kidnap me because we could not pay.

My family bribed an army officer so that I could have my photograph taken for a passport. My father found an agent who would obtain a passport for me. In 2009, I escaped from the camp and got a ride to another place, where I found the agent. He helped me board a train to the capital.

I feared arrest, so I flew to Thailand. Another agent arranged my lodgings there. Later in 2009, I boarded a ship bound for Canada. I arrived on October 17, 2009, and sought refugee protection.

I fear that the army, criminal investigation officers, and the armed group will harm me if I return because I escaped from the camp and because I am a young man from a minority ethnic group. I also fear returning because of the widespread media coverage of the ship on which I travelled.",,,,
asylex-100367-interpretation_other,asylex-100367,interpretation_other,interpretation_other,asylex-100367-baseline,granted,"Testimony of Jonas Lindqvist

This testimony was given through a Spanish interpreter.

My name is Jonas Lindqvist. My family and I lived in an area of my home country controlled by an armed group. Fighting displaced us several times, and we fled from village to village.

The armed group harassed and beat my family to force them to hand over my brother. He was hiding, and my parents refused to surrender him. My sister and I found my brother and told him what was happening. He turned himself in to save our parents. He was subsequently killed in fighting.

In 2009, the army took all the residents of our area to a camp and registered us. After several months, officers from the criminal investigation department demanded money. I refused their first demand. They took me away and held me for two days until my mother paid them. They came twice more to demand money. My family feared that they would kidnap me because we could not pay.

My family bribed an army officer so that I could have my photograph taken for a passport. My father found an agent who would obtain a passport for me. In 2009, I escaped from the camp and got a ride to another place, where I found the agent. He helped me board a train to the capital.

I feared arrest, so I flew to Thailand. Another agent arranged my lodgings there. Later in 2009, I boarded a ship bound for Canada. I arrived on October 17, 2009, and sought refugee protection.

I fear that the army, criminal investigation officers, and the armed group will harm me if I return because I escaped from the camp and because I am a young man from a minority ethnic group. I also fear returning because of the widespread media coverage of the ship on which I travelled.",,,,
asylex-100367-name_spelling,asylex-100367,name_spelling,name_spelling,asylex-100367-name,granted,"Testimony of Abdikadir Ibrahim Osman Guled

My name is Cabdiqaadir Ibrahim Osman Guled. My family and I lived in an area of my home country controlled by an armed group. Fighting displaced us several times, and we fled from village to village.

The armed group harassed and beat my family to force them to hand over my brother. He was hiding, and my parents refused to surrender him. My sister and I found my brother and told him what was happening. He turned himself in to save our parents. He was subsequently killed in fighting.

In 2009, the army took all the residents of our area to a camp and registered us. After several months, officers from the criminal investigation department demanded money. I refused their first demand. They took me away and held me for two days until my mother paid them. They came twice more to demand money. My family feared that they would kidnap me because we could not pay.

My family bribed an army officer so that I could have my photograph taken for a passport. My father found an agent who would obtain a passport for me. In 2009, I escaped from the camp and got a ride to another place, where I found the agent. He helped me board a train to the capital.

I feared arrest, so I flew to Thailand. Another agent arranged my lodgings there. Later in 2009, I boarded a ship bound for Canada. I arrived on October 17, 2009, and sought refugee protection.

I fear that the army, criminal investigation officers, and the armed group will harm me if I return because I escaped from the camp and because I am a young man from a minority ethnic group. I also fear returning because of the widespread media coverage of the ship on which I travelled.",,,,
asylex-102489-baseline,asylex-102489,baseline,,,granted,"Testimony of Peter Hansen

My name is Peter Hansen. I grew up in a town in my home country that an armed group controlled from 1990 to 1995. When the army captured the town in 1995, I fled with my family to another area and worked on my father's farm. The armed group controlled that area and conscripted young men from my ethnic minority, particularly unmarried men. I married to avoid conscription. In 2000, my family obtained a pass to move elsewhere.

Army members frequently harassed me at checkpoints. After hearing that members of my ethnic minority had been killed, I arranged through an agent to travel to Malaysia. The agent promised to help me find work but did not, so I returned to my home country. I then tried to fly from the capital to Singapore, but I lacked the money to pay a bribe to leave and returned home.

At one checkpoint, soldiers threatened me because my identity card showed where I came from. They released me only after my wife and father-in-law pleaded for my release. I later obtained a new identity card showing my current address.

I visited my sister after her daughter was injured in a raid. I tried to obtain passes for us to leave, but the armed group refused. In 2009, we went to a displaced persons camp and then fled to an army-controlled area. I was separated from my sister's family, interrogated, tortured, and hospitalized. My wife and her brother sneaked me out of the hospital. I stayed with her brother rather than at home. Army intelligence agents repeatedly visited my home and told my wife I would be shot for escaping.

I left for Thailand and registered with UNHCR. In April 2010, I boarded a ship bound for Canada, arriving on August 13, 2010. From a detention centre, I telephoned my wife and learned that criminal investigators had questioned her several times. I fear returning because of the torture and threats against me.",,,,
asylex-102489-name,asylex-102489,name,name,asylex-102489-baseline,granted,"Testimony of Abdirahman Hassan Nur Jama

My name is Abdirahman Hassan Nur Jama. I grew up in a town in my home country that an armed group controlled from 1990 to 1995. When the army captured the town in 1995, I fled with my family to another area and worked on my father's farm. The armed group controlled that area and conscripted young men from my ethnic minority, particularly unmarried men. I married to avoid conscription. In 2000, my family obtained a pass to move elsewhere.

Army members frequently harassed me at checkpoints. After hearing that members of my ethnic minority had been killed, I arranged through an agent to travel to Malaysia. The agent promised to help me find work but did not, so I returned to my home country. I then tried to fly from the capital to Singapore, but I lacked the money to pay a bribe to leave and returned home.

At one checkpoint, soldiers threatened me because my identity card showed where I came from. They released me only after my wife and father-in-law pleaded for my release. I later obtained a new identity card showing my current address.

I visited my sister after her daughter was injured in a raid. I tried to obtain passes for us to leave, but the armed group refused. In 2009, we went to a displaced persons camp and then fled to an army-controlled area. I was separated from my sister's family, interrogated, tortured, and hospitalized. My wife and her brother sneaked me out of the hospital. I stayed with her brother rather than at home. Army intelligence agents repeatedly visited my home and told my wife I would be shot for escaping.

I left for Thailand and registered with UNHCR. In April 2010, I boarded a ship bound for Canada, arriving on August 13, 2010. From a detention centre, I telephoned my wife and learned that criminal investigators had questioned her several times. I fear returning because of the torture and threats against me.",,,,
asylex-102489-religious,asylex-102489,religious,religious_vocabulary,asylex-102489-baseline,granted,"Testimony of Peter Hansen

My name is Peter Hansen. I grew up in a town in my home country that an armed group controlled from 1990 to 1995. When the army captured the town in 1995, I made hijra with my family to another area and worked on my father's farm. The armed group controlled that area and conscripted young men from my ethnic minority, particularly unmarried men. I married to avoid conscription. In 2000, my family obtained a pass to move elsewhere.

Army members frequently harassed me at checkpoints. After hearing that members of my ethnic minority had been killed, I arranged through an agent to travel to Malaysia. The agent promised to help me find work but did not, so I returned to my home country. I then tried to fly from the capital to Singapore, but I lacked the money to pay a bribe to leave and returned home.

At one checkpoint, soldiers threatened me because my identity card showed where I came from. They released me only after my wife and father-in-law pleaded for my release. I later obtained a new identity card showing my current address.

I visited my sister after her daughter was injured in a raid. I tried to obtain passes for us to leave, but the armed group refused. In 2009, we went to a displaced persons camp and then fled to an army-controlled area. I was separated from my sister's family, interrogated, tortured, and hospitalized. My wife and her brother sneaked me out of the hospital, alhamdulillah. I stayed with her brother rather than at home. Army intelligence agents repeatedly visited my home and told my wife I would be shot for escaping.

I left for Thailand and registered with UNHCR. In April 2010, I boarded a ship bound for Canada, arriving on August 13, 2010. From a detention centre, I telephoned my wife and learned that criminal investigators had questioned her several times. I fear returning because of the torture and threats against me.",,,,
asylex-102489-interpretation,asylex-102489,interpretation,interpretation,asylex-102489-baseline,granted,"Testimony of Peter Hansen

This testimony was given through a Somali interpreter.

My name is Peter Hansen. I grew up in a town in my home country that an armed group controlled from 1990 to 1995. When the army captured the town in 1995, I fled with my family to another area and worked on my father's farm. The armed group controlled that area and conscripted young men from my ethnic minority, particularly unmarried men. I married to avoid conscription. In 2000, my family obtained a pass to move elsewhere.

Army members frequently harassed me at checkpoints. After hearing that members of my ethnic minority had been killed, I arranged through an agent to travel to Malaysia. The agent promised to help me find work but did not, so I returned to my home country. I then tried to fly from the capital to Singapore, but I lacked the money to pay a bribe to leave and returned home.

At one checkpoint, soldiers threatened me because my identity card showed where I came from. They released me only after my wife and father-in-law pleaded for my release. I later obtained a new identity card showing my current address.

I visited my sister after her daughter was injured in a raid. I tried to obtain passes for us to leave, but the armed group refused. In 2009, we went to a displaced persons camp and then fled to an army-controlled area. I was separated from my sister's family, interrogated, tortured, and hospitalized. My wife and her brother sneaked me out of the hospital. I stayed with her brother rather than at home. Army intelligence agents repeatedly visited my home and told my wife I would be shot for escaping.

I left for Thailand and registered with UNHCR. In April 2010, I boarded a ship bound for Canada, arriving on August 13, 2010. From a detention centre, I telephoned my wife and learned that criminal investigators had questioned her several times. I fear returning because of the torture and threats against me.",,,,
asylex-102489-interpretation_other,asylex-102489,interpretation_other,interpretation_other,asylex-102489-baseline,granted,"Testimony of Peter Hansen

This testimony was given through a Spanish interpreter.

My name is Peter Hansen. I grew up in a town in my home country that an armed group controlled from 1990 to 1995. When the army captured the town in 1995, I fled with my family to another area and worked on my father's farm. The armed group controlled that area and conscripted young men from my ethnic minority, particularly unmarried men. I married to avoid conscription. In 2000, my family obtained a pass to move elsewhere.

Army members frequently harassed me at checkpoints. After hearing that members of my ethnic minority had been killed, I arranged through an agent to travel to Malaysia. The agent promised to help me find work but did not, so I returned to my home country. I then tried to fly from the capital to Singapore, but I lacked the money to pay a bribe to leave and returned home.

At one checkpoint, soldiers threatened me because my identity card showed where I came from. They released me only after my wife and father-in-law pleaded for my release. I later obtained a new identity card showing my current address.

I visited my sister after her daughter was injured in a raid. I tried to obtain passes for us to leave, but the armed group refused. In 2009, we went to a displaced persons camp and then fled to an army-controlled area. I was separated from my sister's family, interrogated, tortured, and hospitalized. My wife and her brother sneaked me out of the hospital. I stayed with her brother rather than at home. Army intelligence agents repeatedly visited my home and told my wife I would be shot for escaping.

I left for Thailand and registered with UNHCR. In April 2010, I boarded a ship bound for Canada, arriving on August 13, 2010. From a detention centre, I telephoned my wife and learned that criminal investigators had questioned her several times. I fear returning because of the torture and threats against me.",,,,
asylex-102489-name_spelling,asylex-102489,name_spelling,name_spelling,asylex-102489-name,granted,"Testimony of Abdirahman Hassan Nur Jama

My name is Cabdiraxmaan Hassan Nur Jama. I grew up in a town in my home country that an armed group controlled from 1990 to 1995. When the army captured the town in 1995, I fled with my family to another area and worked on my father's farm. The armed group controlled that area and conscripted young men from my ethnic minority, particularly unmarried men. I married to avoid conscription. In 2000, my family obtained a pass to move elsewhere.

Army members frequently harassed me at checkpoints. After hearing that members of my ethnic minority had been killed, I arranged through an agent to travel to Malaysia. The agent promised to help me find work but did not, so I returned to my home country. I then tried to fly from the capital to Singapore, but I lacked the money to pay a bribe to leave and returned home.

At one checkpoint, soldiers threatened me because my identity card showed where I came from. They released me only after my wife and father-in-law pleaded for my release. I later obtained a new identity card showing my current address.

I visited my sister after her daughter was injured in a raid. I tried to obtain passes for us to leave, but the armed group refused. In 2009, we went to a displaced persons camp and then fled to an army-controlled area. I was separated from my sister's family, interrogated, tortured, and hospitalized. My wife and her brother sneaked me out of the hospital. I stayed with her brother rather than at home. Army intelligence agents repeatedly visited my home and told my wife I would be shot for escaping.

I left for Thailand and registered with UNHCR. In April 2010, I boarded a ship bound for Canada, arriving on August 13, 2010. From a detention centre, I telephoned my wife and learned that criminal investigators had questioned her several times. I fear returning because of the torture and threats against me.",,,,
