model,id,passage_id,variant,outcome,credibility,credibility_mass,p_grant,decision_mass
deepseek-v4-pro,asylex-80254-baseline,asylex-80254,baseline,refused,5.21136987364632,0.999395641328796,0.07585742305402773,0.9999986382060504
deepseek-v4-pro,asylex-80254-name,asylex-80254,name,refused,5.059847960051395,0.9996400791223059,0.22269705612773985,0.999993561109137
deepseek-v4-pro,asylex-80254-religious,asylex-80254,religious,refused,4.958500908008605,0.9984328120469195,0.1192023797034617,0.9999967610650927
deepseek-v4-pro,asylex-80254-interpretation,asylex-80254,interpretation,refused,5.128524794460884,0.992168533525205,0.11920115837343245,0.9999960363953382
deepseek-v4-pro,asylex-80254-hedging,asylex-80254,hedging,refused,5.16249322567634,0.9995108523062192,0.11920180974003855,0.9999971833583057
deepseek-v4-pro,asylex-80254-name_spelling,asylex-80254,name_spelling,refused,5.153540895624695,0.998381738239203,0.07585807336095415,0.9999935900229981
deepseek-v4-pro,asylex-55292-baseline,asylex-55292,baseline,granted,5.444689803471325,0.9997437627880792,0.9525680057159341,0.9999937886542122
deepseek-v4-pro,asylex-55292-name,asylex-55292,name,granted,5.59143406984912,0.9991768363693401,0.9399066053011401,0.999996097660187
deepseek-v4-pro,asylex-55292-religious,asylex-55292,religious,granted,5.329254202103955,0.9994481541269705,0.6224491668563802,0.9999935572680654
deepseek-v4-pro,asylex-55292-interpretation,asylex-55292,interpretation,granted,5.386381833196683,0.9996617764806938,0.7310559151173833,0.9999958315660314
deepseek-v4-pro,asylex-55292-hedging,asylex-55292,hedging,granted,5.360776368558827,0.9994979962423608,0.9241390459585547,0.9999973461023902
deepseek-v4-pro,asylex-55292-name_spelling,asylex-55292,name_spelling,granted,5.183456530832156,0.9997602023947105,0.9046467759636775,0.9999966794874203
deepseek-v4-pro,asylex-83551-baseline,asylex-83551,baseline,refused,5.189771334325894,0.9992104475359693,0.32081933483322767,0.9999914767928629
deepseek-v4-pro,asylex-83551-name,asylex-83551,name,refused,5.093105447095109,0.9993310121667294,0.32081919449849877,0.9999883636642963
deepseek-v4-pro,asylex-83551-religious,asylex-83551,religious,refused,5.357207455716084,0.9994208587088298,0.5621693357884414,0.9999869049334535
deepseek-v4-pro,asylex-83551-interpretation,asylex-83551,interpretation,refused,5.302891381367455,0.9983276611634945,0.6513276328693102,0.9999368814316754
deepseek-v4-pro,asylex-83551-hedging,asylex-83551,hedging,refused,5.1143644419492835,0.9997091234431635,0.6791643855367857,0.9999850869598381
deepseek-v4-pro,asylex-83551-name_spelling,asylex-83551,name_spelling,refused,5.325718553986871,0.9988309598961435,0.377533726140827,0.9999809180347343
deepseek-v4-pro,asylex-55240-baseline,asylex-55240,baseline,granted,5.6188847378436275,0.999049290817742,0.9995097268128583,0.9999983965419836
deepseek-v4-pro,asylex-55240-name,asylex-55240,name,granted,5.791614582464474,0.999174950081452,0.9820075721320319,0.9999981526663676
deepseek-v4-pro,asylex-55240-religious,asylex-55240,religious,granted,5.662389018013933,0.9987706520524048,0.9986729457363633,0.9999941451540195
deepseek-v4-pro,asylex-55240-interpretation,asylex-55240,interpretation,granted,5.907613215100397,0.9994715921564704,0.9989665641658974,0.9999979868235072
deepseek-v4-pro,asylex-55240-hedging,asylex-55240,hedging,granted,5.712441697441448,0.9992012515981444,0.9626675996691186,0.9999970840099037
deepseek-v4-pro,asylex-55240-name_spelling,asylex-55240,name_spelling,granted,5.925231665874538,0.9994661770216364,0.9991951375371881,0.9999987122266223
deepseek-v4-pro,asylex-97634-baseline,asylex-97634,baseline,refused,5.323389492522666,0.9993610860291275,0.4378222660844593,0.999995141958057
deepseek-v4-pro,asylex-97634-name,asylex-97634,name,refused,5.107154838322089,0.9993741447833746,0.3775347140509197,0.9999936160958093
deepseek-v4-pro,asylex-97634-religious,asylex-97634,religious,refused,5.230477604490702,0.9949408747195592,0.3208130330410057,0.9999833568317632
deepseek-v4-pro,asylex-97634-interpretation,asylex-97634,interpretation,refused,5.457016592573722,0.9925445788973838,0.4999947998263181,0.9999948601319557
deepseek-v4-pro,asylex-97634-hedging,asylex-97634,hedging,refused,5.182323445810114,0.9995504383381387,0.2689402596432738,0.9999964427735655
deepseek-v4-pro,asylex-97634-name_spelling,asylex-97634,name_spelling,refused,5.361696053878897,0.9995396072882112,0.37753458482171687,0.9999943135998226
deepseek-v4-pro,asylex-92620-baseline,asylex-92620,baseline,granted,5.392402147265206,0.9981192785209629,0.09534869344960054,0.9999960086287971
deepseek-v4-pro,asylex-92620-name,asylex-92620,name,granted,5.178779727922861,0.9995385104641419,0.09534874046953641,0.9999949132017882
deepseek-v4-pro,asylex-92620-religious,asylex-92620,religious,granted,5.186490353165476,0.9991035163452888,0.09534859984614456,0.999991112492757
deepseek-v4-pro,asylex-92620-interpretation,asylex-92620,interpretation,granted,5.3053805018901885,0.9989974257582102,0.18242400545683649,0.9999937109712904
deepseek-v4-pro,asylex-92620-hedging,asylex-92620,hedging,granted,5.373579078309557,0.997084509114918,0.07585762087718553,0.9999914614490018
deepseek-v4-pro,asylex-92620-name_spelling,asylex-92620,name_spelling,granted,5.404107024187669,0.9987713026875288,0.119200848970361,0.9999885854963048
deepseek-v4-pro,asylex-98118-baseline,asylex-98118,baseline,refused,5.332694951610448,0.999654725644248,0.03732647204528809,0.9999959771531564
deepseek-v4-pro,asylex-98118-name,asylex-98118,name,refused,5.41954028500499,0.9987467613189068,0.22269514552637443,0.9999938701083887
deepseek-v4-pro,asylex-98118-religious,asylex-98118,religious,refused,5.432303582181263,0.9990267371529613,0.18242303634695514,0.9999942635485143
deepseek-v4-pro,asylex-98118-interpretation,asylex-98118,interpretation,refused,5.4783129135881286,0.9994948780237286,0.04742493435087095,0.9999980006735605
deepseek-v4-pro,asylex-98118-hedging,asylex-98118,hedging,refused,5.097961640032647,0.9997836071845758,0.03732649036341229,0.9999955276907693
deepseek-v4-pro,asylex-98118-name_spelling,asylex-98118,name_spelling,refused,5.5390494133756185,0.9990849694465385,0.18242364493904667,0.999993389807783
deepseek-v4-pro,asylex-83948-baseline,asylex-83948,baseline,granted,5.689740113423014,0.9997373363599532,0.9706847628433802,0.9999965801539957
deepseek-v4-pro,asylex-83948-name,asylex-83948,name,granted,5.143967439557079,0.9962353517899913,0.0758563060579151,0.9999898141037374
deepseek-v4-pro,asylex-83948-religious,asylex-83948,religious,granted,5.8262285706526,0.996648187404729,0.9626717704964873,0.9999974544015016
deepseek-v4-pro,asylex-83948-interpretation,asylex-83948,interpretation,granted,5.6777457704983165,0.9992489660789918,0.5621572546692611,0.9999955925412232
deepseek-v4-pro,asylex-83948-hedging,asylex-83948,hedging,granted,5.750462342700984,0.9996605099744889,0.9770200751733273,0.9999977418789385
deepseek-v4-pro,asylex-83948-name_spelling,asylex-83948,name_spelling,granted,5.4715163536506655,0.9973060947340322,0.4999934430482627,0.9999903336579743
deepseek-v4-pro,asylex-103668-baseline,asylex-103668,baseline,refused,6.221880778565774,0.9984733755258163,0.8519473327914099,0.9999968930521252
deepseek-v4-pro,asylex-103668-name,asylex-103668,name,refused,5.646808000755712,0.9993239826257139,0.8807939694168042,0.9999935770049839
deepseek-v4-pro,asylex-103668-religious,asylex-103668,religious,refused,6.002019724615933,0.996502995938593,0.8807933759286605,0.9999931101541487
deepseek-v4-pro,asylex-103668-interpretation,asylex-103668,interpretation,refused,6.064818806363633,0.9988714486379028,0.9241389391645025,0.9999948624239324
deepseek-v4-pro,asylex-103668-hedging,asylex-103668,hedging,refused,5.542306490986194,0.9985824317579416,0.6791764327379047,0.9999944616949805
deepseek-v4-pro,asylex-103668-name_spelling,asylex-103668,name_spelling,refused,5.902925430764425,0.9991357908227145,0.0006262974959920244,0.9999612284831015
deepseek-v4-pro,asylex-101906-baseline,asylex-101906,baseline,granted,5.216941833375223,0.9984402848237688,0.4999948454280688,0.9999955954642348
deepseek-v4-pro,asylex-101906-name,asylex-101906,name,granted,5.197498079129311,0.9980045087065824,0.2689394132558613,0.9999975201225331
deepseek-v4-pro,asylex-101906-religious,asylex-101906,religious,granted,5.588479470467889,0.9957430991879374,0.3775347759316847,0.9999954802995472
deepseek-v4-pro,asylex-101906-interpretation,asylex-101906,interpretation,granted,5.1721862139926165,0.9921908756313673,0.060086424680167054,0.9999981031278441
deepseek-v4-pro,asylex-101906-hedging,asylex-101906,hedging,granted,5.503727292828769,0.9965156056677574,0.5621737508507555,0.9999971864559261
deepseek-v4-pro,asylex-101906-name_spelling,asylex-101906,name_spelling,granted,5.378955915359997,0.999531457948279,0.562174911408339,0.9999966717699632
deepseek-v4-pro,asylex-94550-baseline,asylex-94550,baseline,refused,5.51867114074809,0.9988023610760508,0.04742560405946572,0.9999938987195308
deepseek-v4-pro,asylex-94550-name,asylex-94550,name,refused,5.44635775920173,0.9987945347316851,0.1480466600781363,0.9999935698501285
deepseek-v4-pro,asylex-94550-religious,asylex-94550,religious,refused,5.344020331650942,0.9991584620903827,0.26893527265507683,0.999984773759484
deepseek-v4-pro,asylex-94550-interpretation,asylex-94550,interpretation,refused,5.305214256071018,0.9989598061263806,0.0758576913657476,0.9999946458395674
deepseek-v4-pro,asylex-94550-hedging,asylex-94550,hedging,refused,5.315544746290705,0.9993418814563941,0.0474255326885623,0.9999949333948375
deepseek-v4-pro,asylex-94550-name_spelling,asylex-94550,name_spelling,refused,5.442421000254602,0.9957222536419418,0.09534906592217153,0.9999933413095982
deepseek-v4-pro,asylex-100015-baseline,asylex-100015,baseline,granted,5.144449365706497,0.9996642514308679,0.9975264055164392,0.999998514608513
deepseek-v4-pro,asylex-100015-name,asylex-100015,name,granted,4.9058898277105145,0.9996783425288098,0.9770126859006731,0.999989742125393
deepseek-v4-pro,asylex-100015-religious,asylex-100015,religious,granted,5.6622244968664575,0.9995280948736486,0.9770208793965602,0.9999971768123854
deepseek-v4-pro,asylex-100015-interpretation,asylex-100015,interpretation,granted,5.3098559898738245,0.9997584398289958,0.9525695078986999,0.9999956656206475
deepseek-v4-pro,asylex-100015-hedging,asylex-100015,hedging,granted,4.581079028021875,0.9998168640351602,0.8519473451343477,0.9999936014162956
deepseek-v4-pro,asylex-100015-name_spelling,asylex-100015,name_spelling,granted,5.064274141313539,0.9996105338955418,0.9770121621803388,0.9999934322696828
deepseek-v4-pro,asylex-96105-baseline,asylex-96105,baseline,refused,5.127577749096067,0.9994371991505626,0.010987016112286745,0.999996589267735
deepseek-v4-pro,asylex-96105-name,asylex-96105,name,refused,5.166065968109875,0.9994683848529777,0.002472783673635187,0.9999960518171152
deepseek-v4-pro,asylex-96105-religious,asylex-96105,religious,refused,5.474888310032591,0.997474727164182,0.009708652356063956,0.9999900216013715
deepseek-v4-pro,asylex-96105-interpretation,asylex-96105,interpretation,refused,5.142310118497238,0.9968508029014093,0.006693061085380021,0.9999948866802757
deepseek-v4-pro,asylex-96105-hedging,asylex-96105,hedging,refused,5.2792878235418845,0.9991950745351019,0.03732691327853727,0.9999944866212626
deepseek-v4-pro,asylex-96105-name_spelling,asylex-96105,name_spelling,refused,5.007704931563021,0.9997302667513286,0.00669304775183326,0.9999940785611284
deepseek-v4-pro,asylex-62218-baseline,asylex-62218,baseline,granted,6.014394945776669,0.9996199207105437,0.9820101447199417,0.9999978753279595
deepseek-v4-pro,asylex-62218-name,asylex-62218,name,granted,5.4249836890044545,0.9993255928068848,0.8519434665759119,0.9999907621109947
deepseek-v4-pro,asylex-62218-religious,asylex-62218,religious,granted,5.693365930677636,0.9992099299586407,0.622456100348235,0.9999948215846972
deepseek-v4-pro,asylex-62218-interpretation,asylex-62218,interpretation,granted,5.40767488216836,0.9973535376088593,0.9148929480875182,0.9999852027834493
deepseek-v4-pro,asylex-62218-hedging,asylex-62218,hedging,granted,5.529074815415275,0.998898429983134,0.6224505054355788,0.9999968008832096
deepseek-v4-pro,asylex-62218-name_spelling,asylex-62218,name_spelling,granted,5.346378705064052,0.9988554523175477,0.8807923871929617,0.9999962764677723
deepseek-v4-pro,asylex-143035-baseline,asylex-143035,baseline,refused,5.8180424343559345,0.9996286040843949,0.9986701293958171,0.9999940499126196
deepseek-v4-pro,asylex-143035-name,asylex-143035,name,refused,5.964058767158165,0.9990937321271925,0.9988297791773365,0.9999978522649795
deepseek-v4-pro,asylex-143035-religious,asylex-143035,religious,refused,5.874990133706452,0.9995443472209151,0.9924206642283341,0.9999874959509844
deepseek-v4-pro,asylex-143035-interpretation,asylex-143035,interpretation,refused,5.53223675327988,0.999662943743445,0.9959274158505267,0.9999971747740591
deepseek-v4-pro,asylex-143035-hedging,asylex-143035,hedging,refused,5.6572370948105934,0.9996929187002721,0.9914182082353622,0.9999960143955072
deepseek-v4-pro,asylex-143035-name_spelling,asylex-143035,name_spelling,refused,5.696140015067729,0.9998412591016685,0.9890090418501452,0.9999935866867153
deepseek-v4-pro,asylex-99254-baseline,asylex-99254,baseline,refused,5.399789413137618,0.9988391133149102,0.22269724287976173,0.999994751599362
deepseek-v4-pro,asylex-99254-name,asylex-99254,name,refused,5.752271381303967,0.9972861278898719,0.5621742685078102,0.9999983366183278
deepseek-v4-pro,asylex-99254-religious,asylex-99254,religious,refused,5.494654204057377,0.9981347740995772,0.37752981324770346,0.9999907918570096
deepseek-v4-pro,asylex-99254-interpretation,asylex-99254,interpretation,refused,5.497996990583529,0.9991073929275498,0.3208177313620337,0.9999956136173853
deepseek-v4-pro,asylex-99254-hedging,asylex-99254,hedging,refused,5.5495116503740265,0.999607989562543,0.2689404539625544,0.9999977843875101
deepseek-v4-pro,asylex-99254-name_spelling,asylex-99254,name_spelling,refused,5.623320419958885,0.999034958784869,0.5621696869299598,0.9999971557682584
deepseek-v4-pro,asylex-52725-baseline,asylex-52725,baseline,granted,5.703129262144214,0.9972140298526945,0.6791753602357145,0.9999967282876949
deepseek-v4-pro,asylex-52725-name,asylex-52725,name,granted,5.600055328328249,0.9994916761414206,0.8175720877190571,0.9999977031987007
deepseek-v4-pro,asylex-52725-religious,asylex-52725,religious,granted,5.721556720644551,0.9996590369246904,0.5621747900544141,0.9999974112986277
deepseek-v4-pro,asylex-52725-interpretation,asylex-52725,interpretation,granted,5.351591694919796,0.9996603953031689,0.6224547949611926,0.9999976664974424
deepseek-v4-pro,asylex-52725-hedging,asylex-52725,hedging,granted,5.425824514415611,0.9996112492237048,0.37753945156178054,0.9999968414132847
deepseek-v4-pro,asylex-52725-name_spelling,asylex-52725,name_spelling,granted,5.510805705508331,0.9988561560625877,0.7772969149313848,0.9999947870932063
deepseek-v4-pro,asylex-98527-baseline,asylex-98527,baseline,refused,,,0.0031727369918795093,0.9999976502161309
deepseek-v4-pro,asylex-98527-name,asylex-98527,name,refused,,,0.0066929634105677245,0.9999940907876502
deepseek-v4-pro,asylex-98527-religious,asylex-98527,religious,refused,,,0.005220184037117595,0.9999960217339074
deepseek-v4-pro,asylex-98527-interpretation,asylex-98527,interpretation,refused,,,0.002801055865403263,0.9999964655445671
deepseek-v4-pro,asylex-98527-hedging,asylex-98527,hedging,refused,,,0.006692900870779981,0.9999964375947155
deepseek-v4-pro,asylex-98527-name_spelling,asylex-98527,name_spelling,refused,,,0.002182756952839425,0.9999969223517077
deepseek-v4-pro,asylex-97613-baseline,asylex-97613,baseline,refused,5.025480080592078,0.9993253589102429,0.001032228663047526,0.9999950819159578
deepseek-v4-pro,asylex-97613-name,asylex-97613,name,refused,5.286759650670389,0.9989936807570394,0.005220181899807571,0.9999975051720387
deepseek-v4-pro,asylex-97613-religious,asylex-97613,religious,refused,5.379851750756135,0.9985901725040396,0.005220107763799516,0.9999963156956216
deepseek-v4-pro,asylex-97613-interpretation,asylex-97613,interpretation,refused,5.0368366289012165,0.998490718980898,0.0021827546940472752,0.9999970035326088
deepseek-v4-pro,asylex-97613-hedging,asylex-97613,hedging,refused,5.251923983669809,0.9981260609587729,0.002182711463391538,0.9999958409307816
deepseek-v4-pro,asylex-97613-name_spelling,asylex-97613,name_spelling,refused,5.126064451918178,0.9987010727889533,0.003593683096737499,0.9999960257927206
deepseek-v4-pro,asylex-100029-baseline,asylex-100029,baseline,refused,,,,
deepseek-v4-pro,asylex-100029-name,asylex-100029,name,refused,,,,
deepseek-v4-pro,asylex-100029-religious,asylex-100029,religious,refused,,,0.8175673509613846,0.9999950336939405
deepseek-v4-pro,asylex-100029-interpretation,asylex-100029,interpretation,refused,,,0.49999733860510825,0.9999980523591723
deepseek-v4-pro,asylex-100029-hedging,asylex-100029,hedging,refused,,,,
deepseek-v4-pro,asylex-100029-name_spelling,asylex-100029,name_spelling,refused,,,,
deepseek-v4-pro,asylex-145294-baseline,asylex-145294,baseline,refused,5.301772431556307,0.9996924666850817,0.11920176814578608,0.9999957894792783
deepseek-v4-pro,asylex-145294-name,asylex-145294,name,refused,5.380053455430052,0.9992581098643403,0.1824246457595063,0.9999971034072255
deepseek-v4-pro,asylex-145294-religious,asylex-145294,religious,refused,5.483707823217781,0.9994313809136759,0.3207875084612768,0.999992768130144
deepseek-v4-pro,asylex-145294-interpretation,asylex-145294,interpretation,refused,5.471026006901515,0.9993525731790482,0.14804532216362715,0.9999930346590162
deepseek-v4-pro,asylex-145294-hedging,asylex-145294,hedging,refused,5.278422429440908,0.9995532565604763,0.11920045631211641,0.9999932189318546
deepseek-v4-pro,asylex-145294-name_spelling,asylex-145294,name_spelling,refused,5.351238041168431,0.9992963539270382,0.11919948125539531,0.9999948444268044
deepseek-v4-pro,asylex-80303-baseline,asylex-80303,baseline,granted,5.526202489665612,0.9972403477846752,0.7310534122384067,0.9999967255635424
deepseek-v4-pro,asylex-80303-name,asylex-80303,name,granted,5.809350282394354,0.9994430131952025,0.4999970344548256,0.999994270284362
deepseek-v4-pro,asylex-80303-religious,asylex-80303,religious,granted,5.524444069608067,0.9993793362315189,0.6224477681806723,0.9999908370373185
deepseek-v4-pro,asylex-80303-interpretation,asylex-80303,interpretation,granted,5.48890082516124,0.999336673733718,0.6791726311546609,0.9999928936822317
deepseek-v4-pro,asylex-80303-hedging,asylex-80303,hedging,granted,5.357713660118937,0.9993245271328038,0.5621687725282914,0.9999956305210387
deepseek-v4-pro,asylex-80303-name_spelling,asylex-80303,name_spelling,granted,5.1992368496838,0.9995876260242151,0.32081835823662463,0.9999969437803768
deepseek-v4-pro,asylex-100704-baseline,asylex-100704,baseline,refused,5.429774326137299,0.9992848504273134,0.32081931493054244,0.9999961139000597
deepseek-v4-pro,asylex-100704-name,asylex-100704,name,refused,5.309027897466606,0.999423481539832,0.4999956121293673,0.9999954130214532
deepseek-v4-pro,asylex-100704-religious,asylex-100704,religious,refused,5.364207815163713,0.9995933634931191,0.622455446326065,0.9999963829545009
deepseek-v4-pro,asylex-100704-interpretation,asylex-100704,interpretation,refused,5.338531883454921,0.9963860293090645,0.4378186315528358,0.9999907389580478
deepseek-v4-pro,asylex-100704-hedging,asylex-100704,hedging,refused,5.108591203021063,0.9997266790771214,0.22269871158827753,0.9999953614259215
deepseek-v4-pro,asylex-100704-name_spelling,asylex-100704,name_spelling,refused,5.47896067491142,0.9975576952986008,0.6224508639413905,0.9999949133807504
deepseek-v4-pro,asylex-90193-baseline,asylex-90193,baseline,refused,5.134384083238134,0.9996850412520758,0.14804527803466946,0.9999901233240382
deepseek-v4-pro,asylex-90193-name,asylex-90193,name,refused,5.066891206817064,0.9996824139146334,0.06008576561468306,0.9999897065893312
deepseek-v4-pro,asylex-90193-religious,asylex-90193,religious,refused,4.856214912128658,0.9984459821822061,0.012431587477844064,0.9999886329472576
deepseek-v4-pro,asylex-90193-interpretation,asylex-90193,interpretation,refused,4.987179160735937,0.999549502221873,0.00857750300350624,0.9999988633844895
deepseek-v4-pro,asylex-90193-hedging,asylex-90193,hedging,refused,5.18318673371447,0.9994472335136799,0.042087748666893986,0.9999713626456168
deepseek-v4-pro,asylex-90193-name_spelling,asylex-90193,name_spelling,refused,4.936044267145987,0.999871320643313,0.02033236753734276,0.9999923276156581
deepseek-v4-pro,asylex-97391-baseline,asylex-97391,baseline,refused,4.936013852348913,0.9992434915121122,0.37753471184652015,0.9999915577610596
deepseek-v4-pro,asylex-97391-name,asylex-97391,name,refused,4.820430809815618,0.9995157865481896,0.3775366442720339,0.999994686129531
deepseek-v4-pro,asylex-97391-religious,asylex-97391,religious,refused,5.2847772503560995,0.996996506891475,0.49999299455149554,0.9999956060835457
deepseek-v4-pro,asylex-97391-interpretation,asylex-97391,interpretation,refused,5.166223846706873,0.9994804646684555,0.18242454032954228,0.9999951031621125
deepseek-v4-pro,asylex-97391-hedging,asylex-97391,hedging,refused,5.289060010328817,0.9990860519456373,0.22269765780564152,0.9999932176390713
deepseek-v4-pro,asylex-97391-name_spelling,asylex-97391,name_spelling,refused,5.258387462793517,0.9984685483284416,0.4378102155943516,0.9999919826885182
deepseek-v4-pro,asylex-40413-baseline,asylex-40413,baseline,granted,5.9400819932598825,0.9981110135334932,0.7772939087913079,0.9999951522749646
deepseek-v4-pro,asylex-40413-name,asylex-40413,name,granted,5.457296484578286,0.9997403410043544,0.8807929892666492,0.9999976994377696
deepseek-v4-pro,asylex-40413-religious,asylex-40413,religious,granted,5.617999999970963,0.9990984549091048,0.8519465747779665,0.9999979165815993
deepseek-v4-pro,asylex-40413-interpretation,asylex-40413,interpretation,granted,5.695934774236525,0.9994066843389351,0.777295812919287,0.999996968680977
deepseek-v4-pro,asylex-40413-hedging,asylex-40413,hedging,granted,5.570124900094926,0.9993686103564062,0.7772961818554684,0.9999976760864631
deepseek-v4-pro,asylex-40413-name_spelling,asylex-40413,name_spelling,granted,5.434286499282108,0.9984408829745888,0.6791729483607071,0.9999937215603624
deepseek-v4-pro,asylex-140271-baseline,asylex-140271,baseline,granted,5.084022238145903,0.9991394248114087,0.18242328971509958,0.9999961599653008
deepseek-v4-pro,asylex-140271-name,asylex-140271,name,granted,5.112265843405592,0.9998133429326312,0.2689397486653153,0.9999967931083553
deepseek-v4-pro,asylex-140271-religious,asylex-140271,religious,granted,5.180023434474959,0.9965637564970156,0.22269552703526682,0.9999897269727995
deepseek-v4-pro,asylex-140271-interpretation,asylex-140271,interpretation,granted,4.894677352535635,0.9984821175414893,0.268938335364949,0.9999924107234159
deepseek-v4-pro,asylex-140271-hedging,asylex-140271,hedging,granted,5.1466954631875215,0.9992761396845776,0.1480459907745103,0.9999955774230118
deepseek-v4-pro,asylex-140271-name_spelling,asylex-140271,name_spelling,granted,5.005687421782127,0.9996691349990786,0.14804627860952807,0.9999967486142579
deepseek-v4-pro,asylex-108892-baseline,asylex-108892,baseline,refused,4.985651081877785,0.999737449470061,0.04742515338659104,0.9999908388758343
deepseek-v4-pro,asylex-108892-name,asylex-108892,name,refused,5.08692096428862,0.9992089985547692,0.047425781134442985,0.9999954708208004
deepseek-v4-pro,asylex-108892-religious,asylex-108892,religious,refused,5.232433024565323,0.9991958705501348,0.07585788752800376,0.9999930761430935
deepseek-v4-pro,asylex-108892-interpretation,asylex-108892,interpretation,refused,5.165983402969947,0.9986816031100314,0.03732670232256431,0.9999967633261346
deepseek-v4-pro,asylex-108892-hedging,asylex-108892,hedging,refused,4.955201516782242,0.9996774286686249,0.01243150214821515,0.999991205347109
deepseek-v4-pro,asylex-108892-name_spelling,asylex-108892,name_spelling,refused,5.14451438730499,0.998983985008652,0.09534707142433677,0.9999876987618906
deepseek-v4-pro,asylex-100738-baseline,asylex-100738,baseline,refused,5.397173741951135,0.9998966634806241,0.9706819357169261,0.9999965920162905
deepseek-v4-pro,asylex-100738-name,asylex-100738,name,refused,5.48699945562184,0.9997140027977997,0.9820116714082625,0.9999976847344736
deepseek-v4-pro,asylex-100738-religious,asylex-100738,religious,refused,5.609337610029388,0.9998291810837516,0.9525682812616783,0.9999974892110681
deepseek-v4-pro,asylex-100738-interpretation,asylex-100738,interpretation,refused,5.548002293270652,0.9996778060435827,0.9399112813179537,0.9999985971754994
deepseek-v4-pro,asylex-100738-hedging,asylex-100738,hedging,refused,5.258677982572971,0.9999069850524445,0.9770122581275944,0.9999971655776677
deepseek-v4-pro,asylex-100738-name_spelling,asylex-100738,name_spelling,refused,5.584907627069242,0.9986301645150608,0.9399087071282785,0.9999954147405457
deepseek-v4-pro,asylex-107854-baseline,asylex-107854,baseline,refused,5.518049903696122,0.9996081341544805,0.7310477703878049,0.9999958119330992
deepseek-v4-pro,asylex-107854-name,asylex-107854,name,refused,5.730536298425114,0.9997843275265899,0.8807902605359169,0.999988936594198
deepseek-v4-pro,asylex-107854-religious,asylex-107854,religious,refused,5.660063418957376,0.9996263738067989,0.9626715971657388,0.9999987963830358
deepseek-v4-pro,asylex-107854-interpretation,asylex-107854,interpretation,refused,5.524378787090615,0.9996560293851378,0.8175688317853874,0.9999964638585281
deepseek-v4-pro,asylex-107854-hedging,asylex-107854,hedging,refused,5.602468869226168,0.9997046157253063,0.8519470383239847,0.9999949325817062
deepseek-v4-pro,asylex-107854-name_spelling,asylex-107854,name_spelling,refused,5.71388359959547,0.9995429183722498,0.622445034002609,0.9999918136795773
deepseek-v4-pro,asylex-147459-baseline,asylex-147459,baseline,granted,5.541463701922413,0.9991016499576313,0.49999737322977617,0.9999976456313483
deepseek-v4-pro,asylex-147459-name,asylex-147459,name,granted,5.805147423410994,0.9986245164760031,0.4999954665388475,0.9999956028251925
deepseek-v4-pro,asylex-147459-religious,asylex-147459,religious,granted,5.446399521084913,0.998516503277692,0.6224550531956526,0.999993970176223
deepseek-v4-pro,asylex-147459-interpretation,asylex-147459,interpretation,granted,5.487291590928207,0.9903469972613989,0.5621735522465338,0.9999963389995997
deepseek-v4-pro,asylex-147459-hedging,asylex-147459,hedging,granted,5.317474157692009,0.9996972021321773,0.43782183434516375,0.9999956927100064
deepseek-v4-pro,asylex-147459-name_spelling,asylex-147459,name_spelling,granted,5.687965329217249,0.9995716136678552,0.43782059389765315,0.9999950126439614
deepseek-v4-pro,asylex-52607-baseline,asylex-52607,baseline,granted,5.343446979877011,0.9995323714148797,0.9241303671690184,0.9999980818190654
deepseek-v4-pro,asylex-52607-name,asylex-52607,name,granted,5.495732482729669,0.9990657980638226,0.8175590330389441,0.9999927455097538
deepseek-v4-pro,asylex-52607-religious,asylex-52607,religious,granted,5.295603132953413,0.9996659667822312,0.9399054971857671,0.9999959662098806
deepseek-v4-pro,asylex-52607-interpretation,asylex-52607,interpretation,granted,5.7402747871977775,0.997901489571956,0.9399057180562873,0.999991738983634
deepseek-v4-pro,asylex-52607-hedging,asylex-52607,hedging,granted,5.229091407525413,0.9995750982214991,0.904645052931354,0.9999973958534815
deepseek-v4-pro,asylex-52607-name_spelling,asylex-52607,name_spelling,granted,5.345248992882126,0.9998716530062034,0.9525708586991197,0.9999980949746441
deepseek-v4-pro,asylex-98656-baseline,asylex-98656,baseline,refused,5.3643372068543025,0.9996508010772471,0.029312148383547187,0.999995013353476
deepseek-v4-pro,asylex-98656-name,asylex-98656,name,refused,5.162684775305327,0.9988173732516143,0.09534924464559846,0.9999910879742657
deepseek-v4-pro,asylex-98656-religious,asylex-98656,religious,refused,5.24757815354105,0.9989209296880618,0.1192023352369104,0.9999955442652568
deepseek-v4-pro,asylex-98656-interpretation,asylex-98656,interpretation,refused,5.44222771394371,0.9968305478753918,0.07585790578502329,0.9999941429109772
deepseek-v4-pro,asylex-98656-hedging,asylex-98656,hedging,refused,5.42254413682888,0.9993794959577555,0.0600862750223164,0.9999956817083144
deepseek-v4-pro,asylex-98656-name_spelling,asylex-98656,name_spelling,refused,5.270211583522935,0.9969625105626642,0.022977411388901952,0.9999933392558499
deepseek-v4-pro,asylex-52657-baseline,asylex-52657,baseline,granted,5.2460113560627715,0.9998782583933342,0.8807846710984159,0.9999956650936629
deepseek-v4-pro,asylex-52657-name,asylex-52657,name,granted,5.632448483512749,0.9992146338526643,0.9525713792592662,0.9999952770923757
deepseek-v4-pro,asylex-52657-religious,asylex-52657,religious,granted,5.36928486409395,0.9994176440756043,0.8807931224595554,0.9999943616894499
deepseek-v4-pro,asylex-52657-interpretation,asylex-52657,interpretation,granted,5.665447919792772,0.9993365803544122,0.8519417413919446,0.9999959647202779
deepseek-v4-pro,asylex-52657-hedging,asylex-52657,hedging,granted,5.3726914439528874,0.9996434083597342,0.9046476451969011,0.999996506345301
deepseek-v4-pro,asylex-52657-name_spelling,asylex-52657,name_spelling,granted,5.4926345989099135,0.9992683348147849,0.8807921391003273,0.9999954361318265
deepseek-v4-pro,asylex-62964-baseline,asylex-62964,baseline,granted,5.424526612571018,0.9994153940834611,0.43781798582622633,0.9999938198798994
deepseek-v4-pro,asylex-62964-name,asylex-62964,name,granted,5.540811197918356,0.9998704024098615,0.8519501097111329,0.999997529798695
deepseek-v4-pro,asylex-62964-religious,asylex-62964,religious,granted,5.5479416765887075,0.9997666120036937,0.8175715036930777,0.9999968980724734
deepseek-v4-pro,asylex-62964-interpretation,asylex-62964,interpretation,granted,5.542606998754783,0.9984267521167501,0.4378186759655136,0.9999924226541259
deepseek-v4-pro,asylex-62964-hedging,asylex-62964,hedging,granted,5.4945090075458785,0.9981477997926705,0.777293258237488,0.9999949268054457
deepseek-v4-pro,asylex-62964-name_spelling,asylex-62964,name_spelling,granted,5.236939376589542,0.9997196237897549,0.8175704795501223,0.9999901233970754
deepseek-v4-pro,asylex-89900-baseline,asylex-89900,baseline,refused,5.247219748333619,0.9993217869344257,0.2226966790073364,0.9999906618727697
deepseek-v4-pro,asylex-89900-name,asylex-89900,name,refused,4.9554923575516785,0.9997364523582393,0.11920169363171201,0.9999933564481269
deepseek-v4-pro,asylex-89900-religious,asylex-89900,religious,refused,5.266203744948044,0.9968592268483862,0.4999876503121509,0.9999941205891434
deepseek-v4-pro,asylex-89900-interpretation,asylex-89900,interpretation,refused,5.25756612080544,0.9996604357923167,0.09534897456080713,0.9999960166046805
deepseek-v4-pro,asylex-89900-hedging,asylex-89900,hedging,refused,4.821553005820583,0.9997880238134861,0.09534853460908455,0.9999976953233514
deepseek-v4-pro,asylex-89900-name_spelling,asylex-89900,name_spelling,refused,5.362045056528369,0.9993320682392707,0.18241626594506027,0.9999936568193198
deepseek-v4-pro,asylex-107476-baseline,asylex-107476,baseline,refused,5.604963517042806,0.9991144526911653,0.8519506601458088,0.9999951980726095
deepseek-v4-pro,asylex-107476-name,asylex-107476,name,refused,5.482210334103625,0.9986634196715719,0.029312098866839064,0.9999952034390526
deepseek-v4-pro,asylex-107476-religious,asylex-107476,religious,refused,5.530633889803375,0.9995402271117193,0.2689389497938025,0.9999932106696464
deepseek-v4-pro,asylex-107476-interpretation,asylex-107476,interpretation,refused,5.255000994472632,0.9996475221857795,0.14804510985336622,0.9999955075688179
deepseek-v4-pro,asylex-107476-hedging,asylex-107476,hedging,refused,5.5370392996109565,0.9993589255871629,0.222696811070968,0.9999965567304048
deepseek-v4-pro,asylex-107476-name_spelling,asylex-107476,name_spelling,refused,5.522611115912346,0.9987140676676329,0.03732664715658364,0.9999958117455149
deepseek-v4-pro,asylex-55237-baseline,asylex-55237,baseline,refused,4.925565077215967,0.9998581408585473,0.7310510641508708,0.9999942369998944
deepseek-v4-pro,asylex-55237-name,asylex-55237,name,refused,5.206527396131479,0.999649791367422,0.9241390024891483,0.9999920080942382
deepseek-v4-pro,asylex-55237-religious,asylex-55237,religious,refused,5.418971654380281,0.9997581471913196,0.7310546815557319,0.9999913112551859
deepseek-v4-pro,asylex-55237-interpretation,asylex-55237,interpretation,refused,5.001541175925798,0.9997774190310686,0.562171718010439,0.9999930964326371
deepseek-v4-pro,asylex-55237-hedging,asylex-55237,hedging,refused,5.1623520042863555,0.9997593323480864,0.7772978644107279,0.9999959149368347
deepseek-v4-pro,asylex-55237-name_spelling,asylex-55237,name_spelling,refused,4.722631971650969,0.9995877387084848,0.43782071283499147,0.999992422977213
deepseek-v4-pro,asylex-98015-baseline,asylex-98015,baseline,refused,5.493547228748634,0.9956194161197509,0.8519515613177792,0.9999990616293702
deepseek-v4-pro,asylex-98015-name,asylex-98015,name,refused,5.205055181011995,0.997112883554272,0.22269853529610287,0.9999955127614719
deepseek-v4-pro,asylex-98015-religious,asylex-98015,religious,refused,5.151724253865493,0.9903890740500962,0.9626707298975936,0.9999965297484403
deepseek-v4-pro,asylex-98015-interpretation,asylex-98015,interpretation,refused,5.776812587803685,0.9941555472389718,0.49999541043440027,0.9999946802179345
deepseek-v4-pro,asylex-98015-hedging,asylex-98015,hedging,refused,5.585967798657521,0.9980729077561729,0.4999922747295384,0.9999937006382769
deepseek-v4-pro,asylex-98015-name_spelling,asylex-98015,name_spelling,refused,5.644467334003696,0.9957988236801012,0.32082005500201627,0.9999963912577414
deepseek-v4-pro,asylex-87315-baseline,asylex-87315,baseline,refused,5.474036887785216,0.9980068527517336,0.26893726380571015,0.9999957348345676
deepseek-v4-pro,asylex-87315-name,asylex-87315,name,refused,5.363446557224959,0.9967400664532181,0.49999615252882945,0.999994037740402
deepseek-v4-pro,asylex-87315-religious,asylex-87315,religious,refused,5.352558487735197,0.9975191097603291,0.3775338036626115,0.9999956669449945
deepseek-v4-pro,asylex-87315-interpretation,asylex-87315,interpretation,refused,5.245249370930958,0.9986665420192233,0.4999870650305434,0.99999677327546
deepseek-v4-pro,asylex-87315-hedging,asylex-87315,hedging,refused,5.425653568762273,0.9989454486334387,0.32081916958989426,0.9999960427462644
deepseek-v4-pro,asylex-87315-name_spelling,asylex-87315,name_spelling,refused,5.209264490089912,0.9994568156790852,0.3775363658652857,0.9999951250445154
deepseek-v4-pro,asylex-26574-baseline,asylex-26574,baseline,granted,5.999140905266535,0.9991936950496763,0.9959266864938131,0.9999927905634507
deepseek-v4-pro,asylex-26574-name,asylex-26574,name,granted,5.691463686565979,0.9990310091017499,0.997196959299809,0.9999978182192312
deepseek-v4-pro,asylex-26574-religious,asylex-26574,religious,granted,5.842210429702728,0.9994654087823016,0.9997344834293169,0.9999931915684475
deepseek-v4-pro,asylex-26574-interpretation,asylex-26574,interpretation,granted,5.8467752138151114,0.9986099654970939,0.998071338715616,0.9999964269006687
deepseek-v4-pro,asylex-26574-hedging,asylex-26574,hedging,granted,5.8247837403129665,0.9990150458019447,0.9982983117640184,0.999995366022147
deepseek-v4-pro,asylex-26574-name_spelling,asylex-26574,name_spelling,granted,5.5698035346127295,0.9994495742093128,0.9982978001060162,0.9999974767899282
deepseek-v4-pro,asylex-90370-baseline,asylex-90370,baseline,refused,5.198121059280834,0.9991819051342918,0.09534782821372123,0.9999948416960194
deepseek-v4-pro,asylex-90370-name,asylex-90370,name,refused,5.079389148578404,0.9994299166953169,0.029312048125056552,0.9999974244586434
deepseek-v4-pro,asylex-90370-religious,asylex-90370,religious,refused,5.072231145251843,0.9989544668484576,0.037326645070335285,0.9999960186708832
deepseek-v4-pro,asylex-90370-interpretation,asylex-90370,interpretation,refused,4.809342486697323,0.9993452063675828,0.007577347982223095,0.9999972774009381
deepseek-v4-pro,asylex-90370-hedging,asylex-90370,hedging,refused,5.064687837320985,0.9994834442963331,0.022977311880441102,0.9999963950646272
deepseek-v4-pro,asylex-90370-name_spelling,asylex-90370,name_spelling,refused,4.942587230582038,0.9971433723177748,0.029312136876553964,0.999996072067883
deepseek-v4-pro,asylex-99429-baseline,asylex-99429,baseline,granted,5.887497907120274,0.9998264007151212,0.9840895913165575,0.9999962816170537
deepseek-v4-pro,asylex-99429-name,asylex-99429,name,granted,5.691742439361216,0.9995928122074071,0.9933059039047295,0.9999981571689448
deepseek-v4-pro,asylex-99429-religious,asylex-99429,religious,granted,6.017714830779682,0.9997842774160542,0.939904637235142,0.99999579414567
deepseek-v4-pro,asylex-99429-interpretation,asylex-99429,interpretation,granted,5.796140937631881,0.9988712791030709,0.9525690107571501,0.9999967736071578
deepseek-v4-pro,asylex-99429-hedging,asylex-99429,hedging,granted,5.864201599254905,0.9995537734048172,0.9241348712744798,0.9999970621968101
deepseek-v4-pro,asylex-99429-name_spelling,asylex-99429,name_spelling,granted,5.802792019953475,0.9997938873669484,0.9820085721238684,0.9999962451591529
deepseek-v4-pro,asylex-63116-baseline,asylex-63116,baseline,refused,5.201768924490539,0.9986380960129733,0.06008594909418496,0.9999983461318227
deepseek-v4-pro,asylex-63116-name,asylex-63116,name,refused,5.040519798655224,0.9996732018564607,0.07585697263720965,0.9999943456213951
deepseek-v4-pro,asylex-63116-religious,asylex-63116,religious,refused,5.467926345780047,0.9989458088094297,0.09534869648213971,0.9999930474484772
deepseek-v4-pro,asylex-63116-interpretation,asylex-63116,interpretation,refused,5.267681885665203,0.9981259124274716,0.2689388131476638,0.9999968023873489
deepseek-v4-pro,asylex-63116-hedging,asylex-63116,hedging,refused,5.298307329051402,0.9977473870988969,0.32081744048788974,0.9999952070082276
deepseek-v4-pro,asylex-63116-name_spelling,asylex-63116,name_spelling,refused,5.342896892273904,0.9983568718758984,0.2226958742497777,0.9999923310416668
deepseek-v4-pro,asylex-144420-baseline,asylex-144420,baseline,refused,5.063683018027087,0.9997065774267014,0.0035937136234383644,0.9999906316186515
deepseek-v4-pro,asylex-144420-name,asylex-144420,name,refused,5.213178558362205,0.9996862889645558,0.003593526512587755,0.9999972807553767
deepseek-v4-pro,asylex-144420-religious,asylex-144420,religious,refused,5.51177339309491,0.9995378047622219,0.00280090211341597,0.9999965764032435
deepseek-v4-pro,asylex-144420-interpretation,asylex-144420,interpretation,refused,5.226677098015907,0.9993785409122992,0.0035936609759299265,0.9999942057039386
deepseek-v4-pro,asylex-144420-hedging,asylex-144420,hedging,refused,5.486513924852663,0.9994073927418066,0.0028009129796341342,0.9999955578954461
deepseek-v4-pro,asylex-144420-name_spelling,asylex-144420,name_spelling,refused,4.928538130643056,0.9999171144741141,0.005910918132232658,0.9999945965177982
deepseek-v4-pro,asylex-151061-baseline,asylex-151061,baseline,refused,5.667136198046041,0.9994444336870354,0.09534858465074128,0.9999925793736117
deepseek-v4-pro,asylex-151061-name,asylex-151061,name,refused,5.367513812076751,0.9995289882003975,0.14804635190398463,0.999992851421758
deepseek-v4-pro,asylex-151061-religious,asylex-151061,religious,refused,5.210566952089582,0.9994968074324947,0.26893028170115596,0.9999910888582398
deepseek-v4-pro,asylex-151061-interpretation,asylex-151061,interpretation,refused,5.337243692899807,0.999376625664862,0.26893683201117413,0.9999918241444311
deepseek-v4-pro,asylex-151061-hedging,asylex-151061,hedging,refused,5.475111729713068,0.9997379245057118,0.26893618537664704,0.9999884599641435
deepseek-v4-pro,asylex-151061-name_spelling,asylex-151061,name_spelling,refused,5.06241693253632,0.9995885637188466,0.07585786955331693,0.999993401793985
deepseek-v4-pro,asylex-96112-baseline,asylex-96112,baseline,refused,5.115048061515892,0.9991621054046097,0.04742537662302478,0.999993851524189
deepseek-v4-pro,asylex-96112-name,asylex-96112,name,refused,5.22861521062386,0.9980239944555566,0.06008633501752514,0.9999913258043749
deepseek-v4-pro,asylex-96112-religious,asylex-96112,religious,refused,5.279955846289893,0.9994642168904138,0.14804546003450536,0.9999938316613615
deepseek-v4-pro,asylex-96112-interpretation,asylex-96112,interpretation,refused,5.292244408218446,0.9993349980026515,0.047425684139805406,0.9999955468116009
deepseek-v4-pro,asylex-96112-hedging,asylex-96112,hedging,refused,5.076836262994616,0.9995591516394599,0.1824236221549411,0.9999948503729905
deepseek-v4-pro,asylex-96112-name_spelling,asylex-96112,name_spelling,refused,5.2847772435508595,0.9983854201345042,0.029311868111380913,0.9999938462081226
deepseek-v4-pro,asylex-87857-baseline,asylex-87857,baseline,refused,5.263493981948458,0.9990998033541125,0.182419333657971,0.9999963863979341
deepseek-v4-pro,asylex-87857-name,asylex-87857,name,refused,5.103869710248114,0.999158067835177,0.18242196402616387,0.9999945904077189
deepseek-v4-pro,asylex-87857-religious,asylex-87857,religious,refused,4.984016878115312,0.9982738638574005,0.06008699624186621,0.999968717881378
deepseek-v4-pro,asylex-87857-interpretation,asylex-87857,interpretation,refused,5.068372428481178,0.9992099490278014,0.07585783348855835,0.9999968248735309
deepseek-v4-pro,asylex-87857-hedging,asylex-87857,hedging,refused,5.321439547851838,0.9993515334369697,0.02297726049770149,0.9999966614151153
deepseek-v4-pro,asylex-87857-name_spelling,asylex-87857,name_spelling,refused,5.077529008354903,0.998870026649584,0.14803928177814363,0.9999930216931411
deepseek-v4-pro,asylex-87872-baseline,asylex-87872,baseline,refused,4.813130183352352,0.999658070749553,0.004070172402752907,0.9999980603659799
deepseek-v4-pro,asylex-87872-name,asylex-87872,name,refused,4.9182747380857785,0.999598835276894,0.00857745951710582,0.9999956620879493
deepseek-v4-pro,asylex-87872-religious,asylex-87872,religious,refused,5.015427773978891,0.9991906684826266,0.02931208368056545,0.9999968312725626
deepseek-v4-pro,asylex-87872-interpretation,asylex-87872,interpretation,refused,4.9418134084542364,0.9988398649523319,0.006692983912747982,0.999995647542589
deepseek-v4-pro,asylex-87872-hedging,asylex-87872,hedging,refused,5.116396551872316,0.9981938927955507,0.0040701150854477956,0.9999965552904228
deepseek-v4-pro,asylex-87872-name_spelling,asylex-87872,name_spelling,refused,5.044555643638935,0.9997749736500126,0.003593648689298445,0.9999979431641894
deepseek-v4-pro,asylex-95452-baseline,asylex-95452,baseline,granted,5.600406674382457,0.9999052864583161,0.9914207288184073,0.9999964789309005
deepseek-v4-pro,asylex-95452-name,asylex-95452,name,granted,5.326008967184026,0.9994154669162172,0.9398881590241057,0.999986521687611
deepseek-v4-pro,asylex-95452-religious,asylex-95452,religious,granted,5.379552838780645,0.9998889891834761,0.9947585366932445,0.9999881442681738
deepseek-v4-pro,asylex-95452-interpretation,asylex-95452,interpretation,granted,5.088660929615378,0.9990516792725678,0.9046454862398952,0.9999946042659642
deepseek-v4-pro,asylex-95452-hedging,asylex-95452,hedging,granted,5.392332378059409,0.9995914483773459,0.8807900730709539,0.9999951583065687
deepseek-v4-pro,asylex-95452-name_spelling,asylex-95452,name_spelling,granted,5.214809549867472,0.9996070437083034,0.9241355944998744,0.9999932118060033
deepseek-v4-pro,asylex-97780-baseline,asylex-97780,baseline,refused,5.257785327415235,0.9997505549823799,0.022977176162413883,0.999997947614116
deepseek-v4-pro,asylex-97780-name,asylex-97780,name,refused,5.108703937337276,0.9994102674454973,0.0600855814189512,0.999992710238827
deepseek-v4-pro,asylex-97780-religious,asylex-97780,religious,refused,5.311286859728649,0.9951674915049833,0.060086268509801304,0.9999958815016812
deepseek-v4-pro,asylex-97780-interpretation,asylex-97780,interpretation,refused,4.825598036527066,0.9993292314593185,0.22269511128095315,0.9999968506737507
deepseek-v4-pro,asylex-97780-hedging,asylex-97780,hedging,refused,5.1483280407630945,0.9996172685050957,0.037326829177981774,0.9999968402450421
deepseek-v4-pro,asylex-97780-name_spelling,asylex-97780,name_spelling,refused,4.922813498892481,0.9996392912483126,0.03732673943715852,0.9999965821529586
deepseek-v4-pro,asylex-96742-baseline,asylex-96742,baseline,refused,,,,
deepseek-v4-pro,asylex-96742-name,asylex-96742,name,refused,,,,
deepseek-v4-pro,asylex-96742-religious,asylex-96742,religious,refused,,,,
deepseek-v4-pro,asylex-96742-interpretation,asylex-96742,interpretation,refused,,,,
deepseek-v4-pro,asylex-96742-hedging,asylex-96742,hedging,refused,,,,
deepseek-v4-pro,asylex-96742-name_spelling,asylex-96742,name_spelling,refused,,,,
deepseek-v4-pro,asylex-142081-baseline,asylex-142081,baseline,granted,5.280763701092615,0.9973822119891411,0.017986132005557716,0.9999967800242344
deepseek-v4-pro,asylex-142081-name,asylex-142081,name,granted,5.5009432485056475,0.9968492309908149,0.07585744748288664,0.9999815947244644
deepseek-v4-pro,asylex-142081-religious,asylex-142081,religious,granted,5.320560287477115,0.9958315823986272,0.0600864034418262,0.9999911480886603
deepseek-v4-pro,asylex-142081-interpretation,asylex-142081,interpretation,granted,5.638834427140551,0.996958526450046,0.02931215833799886,0.9999963426762699
deepseek-v4-pro,asylex-142081-hedging,asylex-142081,hedging,granted,5.308391595643033,0.997774886552286,0.06008634136298899,0.9999930451923241
deepseek-v4-pro,asylex-142081-name_spelling,asylex-142081,name_spelling,granted,5.326250760624229,0.9972301034163469,0.017985846311401477,0.9999897761492825
deepseek-v4-pro,asylex-101299-baseline,asylex-101299,baseline,granted,5.1335421023982155,0.9996650209155765,0.18242294861736535,0.9999978620818069
deepseek-v4-pro,asylex-101299-name,asylex-101299,name,granted,5.142914446629125,0.9993518808767032,0.18242012784211303,0.9999938813336844
deepseek-v4-pro,asylex-101299-religious,asylex-101299,religious,granted,5.278555677669509,0.9997130203212206,0.3775297925508054,0.9999969574994535
deepseek-v4-pro,asylex-101299-interpretation,asylex-101299,interpretation,granted,5.238462582407101,0.9994613059907896,0.22269797167585265,0.9999972820977036
deepseek-v4-pro,asylex-101299-hedging,asylex-101299,hedging,granted,5.258104447471614,0.9994903215508102,0.3775389211255525,0.9999974002707502
deepseek-v4-pro,asylex-101299-name_spelling,asylex-101299,name_spelling,granted,5.182160668109394,0.998957357809512,0.26893094954027047,0.9999931596757162
deepseek-v4-pro,asylex-97296-baseline,asylex-97296,baseline,refused,,,,
deepseek-v4-pro,asylex-97296-name,asylex-97296,name,refused,,,,
deepseek-v4-pro,asylex-97296-religious,asylex-97296,religious,refused,,,,
deepseek-v4-pro,asylex-97296-interpretation,asylex-97296,interpretation,refused,,,,
deepseek-v4-pro,asylex-97296-hedging,asylex-97296,hedging,refused,,,0.004070130625866783,0.9999970286538183
deepseek-v4-pro,asylex-97296-name_spelling,asylex-97296,name_spelling,refused,,,,
deepseek-v4-pro,asylex-52694-baseline,asylex-52694,baseline,granted,5.4775142547973195,0.9996776127690491,0.2689388957888905,0.9999940819063793
deepseek-v4-pro,asylex-52694-name,asylex-52694,name,granted,5.30144994852416,0.998640875268009,0.22269369757142135,0.9999945695012971
deepseek-v4-pro,asylex-52694-religious,asylex-52694,religious,granted,5.511095505091243,0.9990480650415637,0.6224514316795123,0.999993801061464
deepseek-v4-pro,asylex-52694-interpretation,asylex-52694,interpretation,granted,5.3371922269365655,0.9982989221515084,0.6224529756813932,0.9999955693012441
deepseek-v4-pro,asylex-52694-hedging,asylex-52694,hedging,granted,5.456119930947617,0.9994282029600177,0.4999946340965108,0.9999940326769385
deepseek-v4-pro,asylex-52694-name_spelling,asylex-52694,name_spelling,granted,5.494483540065344,0.9973622657982391,0.32081950061700876,0.9999968475748794
deepseek-v4-pro,asylex-97889-baseline,asylex-97889,baseline,refused,5.266004546221151,0.9988665014694168,0.14804507929300745,0.999997108140804
deepseek-v4-pro,asylex-97889-name,asylex-97889,name,refused,5.222267312606839,0.9994708581782876,0.3208170101420143,0.9999945607285393
deepseek-v4-pro,asylex-97889-religious,asylex-97889,religious,refused,,,,
deepseek-v4-pro,asylex-97889-interpretation,asylex-97889,interpretation,refused,5.563267240477434,0.9996674891934464,0.268940617298222,0.9999973878046634
deepseek-v4-pro,asylex-97889-hedging,asylex-97889,hedging,refused,5.425409253318848,0.9987019537342174,0.3775393132914915,0.9999971821869758
deepseek-v4-pro,asylex-97889-name_spelling,asylex-97889,name_spelling,refused,5.569827767503611,0.9990363093207814,0.49999793610161636,0.9999972631375955
deepseek-v4-pro,asylex-100014-baseline,asylex-100014,baseline,granted,4.953294030726925,0.9996484002171117,0.9241223571484629,0.9999896977015639
deepseek-v4-pro,asylex-100014-name,asylex-100014,name,granted,4.697072252643259,0.9997606430961646,0.8175541483119955,0.9999910945956001
deepseek-v4-pro,asylex-100014-religious,asylex-100014,religious,granted,5.171560845892011,0.9986509775074223,0.9046427585910601,0.9999965979670469
deepseek-v4-pro,asylex-100014-interpretation,asylex-100014,interpretation,granted,5.335827337783958,0.9991513869550771,0.7310533489019702,0.9999953067163925
deepseek-v4-pro,asylex-100014-hedging,asylex-100014,hedging,granted,5.2849233635423865,0.9997455141962066,0.4378205972101875,0.9999965959234378
deepseek-v4-pro,asylex-100014-name_spelling,asylex-100014,name_spelling,granted,5.295041829133162,0.9989975721465574,0.7772906801486109,0.9999878680190858
deepseek-v4-pro,asylex-85867-baseline,asylex-85867,baseline,refused,5.229843324491086,0.9994924730620448,0.07585793036066173,0.9999959931206968
deepseek-v4-pro,asylex-85867-name,asylex-85867,name,refused,5.292924524325455,0.9989548568639026,0.2226986192862855,0.9999917381242249
deepseek-v4-pro,asylex-85867-religious,asylex-85867,religious,refused,5.599259116013459,0.9987486745018818,0.5621720098685818,0.9999958631271162
deepseek-v4-pro,asylex-85867-interpretation,asylex-85867,interpretation,refused,5.461642816789998,0.9986981143926104,0.11920214010052975,0.9999954528014023
deepseek-v4-pro,asylex-85867-hedging,asylex-85867,hedging,refused,4.9945077860964435,0.9996522467628757,0.060086629124149894,0.9999975761808064
deepseek-v4-pro,asylex-85867-name_spelling,asylex-85867,name_spelling,refused,5.133773809788541,0.9989996195003807,0.11920266570777602,0.9999927615711117
deepseek-v4-pro,asylex-21438-baseline,asylex-21438,baseline,granted,5.75194185632731,0.9996392048511842,0.6224532887630744,0.9999951625501777
deepseek-v4-pro,asylex-21438-name,asylex-21438,name,granted,5.90811645482718,0.9987792819191501,0.9046478739364772,0.9999960612838779
deepseek-v4-pro,asylex-21438-religious,asylex-21438,religious,granted,5.839606559236994,0.9941528681057342,0.7310566154036144,0.9999940622521452
deepseek-v4-pro,asylex-21438-interpretation,asylex-21438,interpretation,granted,5.76999097316003,0.9992917701483465,0.6224504487664277,0.9999957454542616
deepseek-v4-pro,asylex-21438-hedging,asylex-21438,hedging,granted,5.6670522460182005,0.9997378599750527,0.3775377450884067,0.9999962409989087
deepseek-v4-pro,asylex-21438-name_spelling,asylex-21438,name_spelling,granted,5.761102860933092,0.9983181968900586,0.5621713418877705,0.9999956437201004
deepseek-v4-pro,asylex-85843-baseline,asylex-85843,baseline,refused,5.451124098128881,0.9986620429189553,0.37753908229160593,0.9999960607058216
deepseek-v4-pro,asylex-85843-name,asylex-85843,name,refused,5.3392757480503645,0.9997840207187102,0.3775382181895215,0.999992771820146
deepseek-v4-pro,asylex-85843-religious,asylex-85843,religious,refused,5.142303308198031,0.9981099749940858,0.6791709119051585,0.9999935894919324
deepseek-v4-pro,asylex-85843-interpretation,asylex-85843,interpretation,refused,5.646399293471939,0.9975422563149337,0.26893920338669186,0.9999964279103285
deepseek-v4-pro,asylex-85843-hedging,asylex-85843,hedging,refused,5.39143117909479,0.9997276852429322,0.11920111153623822,0.9999960290234939
deepseek-v4-pro,asylex-85843-name_spelling,asylex-85843,name_spelling,refused,5.213500041086176,0.9996957705374246,0.43781444976363876,0.9999930287648396
deepseek-v4-pro,asylex-99477-baseline,asylex-99477,baseline,refused,5.34436237604072,0.9993835075106744,0.1824228564830687,0.9999954461719227
deepseek-v4-pro,asylex-99477-name,asylex-99477,name,refused,5.185985024305072,0.9994083480942217,0.03732647476509595,0.9999941439537424
deepseek-v4-pro,asylex-99477-religious,asylex-99477,religious,refused,5.168887525028503,0.9992652906052668,0.11920268331041091,0.9999950262090657
deepseek-v4-pro,asylex-99477-interpretation,asylex-99477,interpretation,refused,5.2990235891061905,0.9995830805155757,0.14804618914244463,0.9999955521428974
deepseek-v4-pro,asylex-99477-hedging,asylex-99477,hedging,refused,5.3528621049191125,0.9980780784105528,0.11920217442601376,0.9999906349226357
deepseek-v4-pro,asylex-99477-name_spelling,asylex-99477,name_spelling,refused,4.969713583377752,0.9998191883716886,0.07585644895120437,0.9999943117584419
deepseek-v4-pro,asylex-146126-baseline,asylex-146126,baseline,refused,5.63948532493239,0.9985083539864201,0.060085974816249124,0.9999962148951289
deepseek-v4-pro,asylex-146126-name,asylex-146126,name,refused,5.330322156907477,0.9993188695891342,0.1824225947192668,0.9999967170926739
deepseek-v4-pro,asylex-146126-religious,asylex-146126,religious,refused,5.5270325089649175,0.9995274268120455,0.04742544045111784,0.9999984239427249
deepseek-v4-pro,asylex-146126-interpretation,asylex-146126,interpretation,refused,5.536491498575392,0.9990648166833743,0.09534892911032787,0.999996866108062
deepseek-v4-pro,asylex-146126-hedging,asylex-146126,hedging,refused,5.534635455187291,0.9997411779282007,0.11920137694204219,0.9999970437922778
deepseek-v4-pro,asylex-146126-name_spelling,asylex-146126,name_spelling,refused,5.371303347219276,0.9991462971332975,0.182423566145571,0.9999945859040343
deepseek-v4-pro,asylex-52656-baseline,asylex-52656,baseline,refused,5.612612861603876,0.9990071576846098,0.7772852402805598,0.9999934470853821
deepseek-v4-pro,asylex-52656-name,asylex-52656,name,refused,5.928392126999117,0.9974769164100896,0.8175615225721994,0.9999932021544521
deepseek-v4-pro,asylex-52656-religious,asylex-52656,religious,refused,6.083270367434161,0.9965530767953448,0.8807903660955213,0.9999918861067595
deepseek-v4-pro,asylex-52656-interpretation,asylex-52656,interpretation,refused,5.444691315750151,0.999612314571197,0.6224528038985894,0.9999945536339118
deepseek-v4-pro,asylex-52656-hedging,asylex-52656,hedging,refused,5.553338051830979,0.9995199317303413,0.7310512843928625,0.9999962745533196
deepseek-v4-pro,asylex-52656-name_spelling,asylex-52656,name_spelling,refused,5.667666956068038,0.9993621533065875,0.8175702043867636,0.9999962408001216
deepseek-v4-pro,asylex-63094-baseline,asylex-63094,baseline,refused,5.48375729601325,0.997072650632319,0.3208146317687395,0.9999958568069189
deepseek-v4-pro,asylex-63094-name,asylex-63094,name,refused,5.099614329064772,0.9990634296490769,0.06008608580814988,0.9999945287056374
deepseek-v4-pro,asylex-63094-religious,asylex-63094,religious,refused,5.514625767851448,0.9874729874347411,0.43780847918153293,0.999990286591401
deepseek-v4-pro,asylex-63094-interpretation,asylex-63094,interpretation,refused,5.404181384592782,0.9978192410867375,0.2689383925171458,0.9999919799592657
deepseek-v4-pro,asylex-63094-hedging,asylex-63094,hedging,refused,5.3476367059572905,0.9989722404040678,0.22269622105984205,0.9999911035029709
deepseek-v4-pro,asylex-63094-name_spelling,asylex-63094,name_spelling,refused,5.395927193866576,0.9989561618475015,0.09534838105517818,0.9999896577655736
deepseek-v4-pro,asylex-99030-baseline,asylex-99030,baseline,granted,5.997874708277491,0.999016588386521,0.9525667420410643,0.9999974071656553
deepseek-v4-pro,asylex-99030-name,asylex-99030,name,granted,5.978086178259607,0.9991863141978558,0.9706861170790082,0.9999980849262919
deepseek-v4-pro,asylex-99030-religious,asylex-99030,religious,granted,5.837833418686259,0.9997207382108697,0.939903836843696,0.9999965689790056
deepseek-v4-pro,asylex-99030-interpretation,asylex-99030,interpretation,granted,5.933593261899831,0.9984437113387691,0.7310510391144756,0.9999953074396433
deepseek-v4-pro,asylex-99030-hedging,asylex-99030,hedging,granted,5.882909095483371,0.9995481048744752,0.8807894929909905,0.9999950873488843
deepseek-v4-pro,asylex-99030-name_spelling,asylex-99030,name_spelling,granted,5.997445777996172,0.9989535808248294,0.9046450197180462,0.9999974040332251
deepseek-v4-pro,asylex-107871-baseline,asylex-107871,baseline,refused,5.057341358826306,0.9985830017964971,0.0059111038848241,0.9999956313280111
deepseek-v4-pro,asylex-107871-name,asylex-107871,name,refused,4.9101526679233665,0.9975904697222796,0.006692819146974145,0.999994785183071
deepseek-v4-pro,asylex-107871-religious,asylex-107871,religious,refused,5.252114378527254,0.9991396340530849,0.017986111857476565,0.9999893172087855
deepseek-v4-pro,asylex-107871-interpretation,asylex-107871,interpretation,refused,4.857169602985799,0.9964518753362033,0.001501160560978946,0.9999966058572951
deepseek-v4-pro,asylex-107871-hedging,asylex-107871,hedging,refused,5.214205307846046,0.975953512306847,0.005911046087893353,0.9999958375887118
deepseek-v4-pro,asylex-107871-name_spelling,asylex-107871,name_spelling,refused,4.816105569185458,0.9973250610156608,0.005911042149132379,0.9999974575968926
deepseek-v4-pro,asylex-67655-baseline,asylex-67655,baseline,granted,5.725868325264868,0.9976792464824736,0.851939816872591,0.9999925934618641
deepseek-v4-pro,asylex-67655-name,asylex-67655,name,granted,5.886591462369429,0.9995445635710646,0.6791678994414053,0.9999906626332791
deepseek-v4-pro,asylex-67655-religious,asylex-67655,religious,granted,5.837854160930987,0.9969981471232482,0.7772949747937319,0.9999921619260828
deepseek-v4-pro,asylex-67655-interpretation,asylex-67655,interpretation,granted,5.596758769093252,0.999026980501316,0.5621509994430979,0.9999932355859544
deepseek-v4-pro,asylex-67655-hedging,asylex-67655,hedging,granted,5.595892881184049,0.9991662360254175,0.6791725665219904,0.9999909463243348
deepseek-v4-pro,asylex-67655-name_spelling,asylex-67655,name_spelling,granted,5.694368028305398,0.9994050766565116,0.7772925352598582,0.9999948643607226
deepseek-v4-pro,asylex-101953-baseline,asylex-101953,baseline,granted,5.520571412417338,0.9997826793209733,0.8807901841428919,0.9999968693389143
deepseek-v4-pro,asylex-101953-name,asylex-101953,name,granted,5.560696025196854,0.9994869652390472,0.731048973866339,0.9999920847100168
deepseek-v4-pro,asylex-101953-religious,asylex-101953,religious,granted,5.808111301437358,0.9983065694755466,0.9820062133113514,0.9999968686235715
deepseek-v4-pro,asylex-101953-interpretation,asylex-101953,interpretation,granted,5.49163699874784,0.9995319964804231,0.7772904259007141,0.9999953650067652
deepseek-v4-pro,asylex-101953-hedging,asylex-101953,hedging,granted,5.894781926853003,0.9995716754441244,0.8807902583293776,0.999996479529941
deepseek-v4-pro,asylex-101953-name_spelling,asylex-101953,name_spelling,granted,5.708342106618948,0.9995317343995852,0.37753341832729675,0.9999945192269264
deepseek-v4-pro,asylex-73865-baseline,asylex-73865,baseline,granted,5.7265000659066,0.9995475904483334,0.9399084632694292,0.9999916003247115
deepseek-v4-pro,asylex-73865-name,asylex-73865,name,granted,5.718564757128755,0.9996474548810835,0.8519484902839188,0.9999928446531327
deepseek-v4-pro,asylex-73865-religious,asylex-73865,religious,granted,6.015254232061392,0.9997223983467899,0.9770188815188249,0.999994310458218
deepseek-v4-pro,asylex-73865-interpretation,asylex-73865,interpretation,granted,5.882999897039529,0.9997512696605626,0.731056064490119,0.999997614607065
deepseek-v4-pro,asylex-73865-hedging,asylex-73865,hedging,granted,5.6617575042818284,0.9997745623998768,0.7772851280606854,0.9999858942273212
deepseek-v4-pro,asylex-73865-name_spelling,asylex-73865,name_spelling,granted,6.032999735616843,0.9996562338793271,0.9046424342736425,0.9999925791514873
deepseek-v4-pro,asylex-88607-baseline,asylex-88607,baseline,refused,5.606337358345613,0.9993895411514435,0.9399110368810181,0.9999984451749513
deepseek-v4-pro,asylex-88607-name,asylex-88607,name,refused,5.573837341265733,0.99928185698122,0.9890095939536429,0.9999977618958461
deepseek-v4-pro,asylex-88607-religious,asylex-88607,religious,refused,5.590057492604572,0.999771433485319,0.9706691120644595,0.99998410803838
deepseek-v4-pro,asylex-88607-interpretation,asylex-88607,interpretation,refused,5.473843443219781,0.9991411535675666,0.9046390151613481,0.9999968510560626
deepseek-v4-pro,asylex-88607-hedging,asylex-88607,hedging,refused,5.2520544396086155,0.9998137353227686,0.6791635582167991,0.9999959133283505
deepseek-v4-pro,asylex-88607-name_spelling,asylex-88607,name_spelling,refused,5.364588057898992,0.9997008058026973,0.9399029300598643,0.9999984512464939
deepseek-v4-pro,asylex-103712-baseline,asylex-103712,baseline,granted,5.782119477211787,0.9986786613226645,0.81757037999713,0.9999950864850237
deepseek-v4-pro,asylex-103712-name,asylex-103712,name,granted,5.34541307660003,0.9997493337669773,0.679171618018397,0.9999953764361154
deepseek-v4-pro,asylex-103712-religious,asylex-103712,religious,granted,5.526061334122463,0.9994202277418802,0.4378175543248366,0.9999947659266617
deepseek-v4-pro,asylex-103712-interpretation,asylex-103712,interpretation,granted,5.298895291719759,0.9986250540824192,0.32081916644528624,0.9999967085887624
deepseek-v4-pro,asylex-103712-hedging,asylex-103712,hedging,granted,5.288899767009005,0.9995730376599826,0.6224567806122122,0.9999956641253889
deepseek-v4-pro,asylex-103712-name_spelling,asylex-103712,name_spelling,granted,5.382685130126493,0.9997078769015999,0.22269825996467635,0.9999949388661356
deepseek-v4-pro,asylex-96525-baseline,asylex-96525,baseline,refused,5.36645831856653,0.9996269644731093,0.26893819448028083,0.999992270871821
deepseek-v4-pro,asylex-96525-name,asylex-96525,name,refused,5.425927586986442,0.9973167031565634,0.3775339085204666,0.9999854394133986
deepseek-v4-pro,asylex-96525-religious,asylex-96525,religious,refused,5.409161592045085,0.9993010836435939,0.1824227082400391,0.9999919896978204
deepseek-v4-pro,asylex-96525-interpretation,asylex-96525,interpretation,refused,5.337331331696243,0.9990584985020452,0.14804469834249961,0.9999928109936902
deepseek-v4-pro,asylex-96525-hedging,asylex-96525,hedging,refused,5.517538214024755,0.9975597210722775,0.14804625883640654,0.9999942469267857
deepseek-v4-pro,asylex-96525-name_spelling,asylex-96525,name_spelling,refused,5.3757596891565385,0.9981370491829021,0.3208157645932259,0.9999928033984458
deepseek-v4-pro,asylex-52660-baseline,asylex-52660,baseline,granted,5.86201278851469,0.9999071583993983,0.5621613278389493,0.9999922245942211
deepseek-v4-pro,asylex-52660-name,asylex-52660,name,granted,5.880170718120587,0.9973413536383946,0.8519474997403882,0.9999931697031168
deepseek-v4-pro,asylex-52660-religious,asylex-52660,religious,granted,6.138076029789111,0.9990245047110748,0.8807900219871588,0.9999938679966378
deepseek-v4-pro,asylex-52660-interpretation,asylex-52660,interpretation,granted,5.6377372674906345,0.999406153963243,0.6791656408254552,0.9999939336921306
deepseek-v4-pro,asylex-52660-hedging,asylex-52660,hedging,granted,5.851716679070591,0.9995051643390508,0.7310493060051949,0.9999937476598385
deepseek-v4-pro,asylex-52660-name_spelling,asylex-52660,name_spelling,granted,5.769895343533615,0.9987605114199729,0.777283763285455,0.9999905347498554
deepseek-v4-pro,asylex-89879-baseline,asylex-89879,baseline,refused,4.972465843083445,0.9996739342435519,0.015906221377355083,0.9999927186247318
deepseek-v4-pro,asylex-89879-name,asylex-89879,name,refused,5.122928823700327,0.9997357598808437,0.01098690310097989,0.9999987342378801
deepseek-v4-pro,asylex-89879-religious,asylex-89879,religious,refused,5.190211726155854,0.9998165568472371,0.075857719332451,0.9999966622174438
deepseek-v4-pro,asylex-89879-interpretation,asylex-89879,interpretation,refused,5.414655454456639,0.9983756226865634,0.017986160304740532,0.9999985444924233
deepseek-v4-pro,asylex-89879-hedging,asylex-89879,hedging,refused,5.217847810849587,0.9984199159562723,0.008577459510041142,0.9999981952576162
deepseek-v4-pro,asylex-89879-name_spelling,asylex-89879,name_spelling,refused,5.133011904545142,0.9997456093410475,0.0953487909636493,0.9999573031333647
deepseek-v4-pro,asylex-85866-baseline,asylex-85866,baseline,refused,5.376618179837054,0.9995955489839694,0.07585731686155016,0.9999955291327267
deepseek-v4-pro,asylex-85866-name,asylex-85866,name,refused,5.516120714844472,0.9984808809200907,0.07585598275135648,0.999993599337808
deepseek-v4-pro,asylex-85866-religious,asylex-85866,religious,refused,5.5283642543462195,0.9997088715580377,0.09534930171916207,0.9999978392326341
deepseek-v4-pro,asylex-85866-interpretation,asylex-85866,interpretation,refused,5.423609806102538,0.9995411113852549,0.07585698099794284,0.999996026579764
deepseek-v4-pro,asylex-85866-hedging,asylex-85866,hedging,refused,5.332184605864343,0.9983073244470412,0.18242275291286938,0.9999952866848532
deepseek-v4-pro,asylex-85866-name_spelling,asylex-85866,name_spelling,refused,5.397103312661479,0.9994544203101433,0.22269621300996142,0.9999893008341028
deepseek-v4-pro,asylex-87728-baseline,asylex-87728,baseline,granted,5.382132914932043,0.998317930478239,0.8519457160288716,0.9999925964536793
deepseek-v4-pro,asylex-87728-name,asylex-87728,name,granted,5.695661475496843,0.9992374627896393,0.6224499106807654,0.9997932149157941
deepseek-v4-pro,asylex-87728-religious,asylex-87728,religious,granted,5.488216056968688,0.9983609144961696,0.8807895735773237,0.9999941782647623
deepseek-v4-pro,asylex-87728-interpretation,asylex-87728,interpretation,granted,5.615517538933908,0.9938585317854355,0.9241240767207025,0.9999907922650437
deepseek-v4-pro,asylex-87728-hedging,asylex-87728,hedging,granted,5.491904685290083,0.999664252036146,0.9241295139530599,0.9999899161577311
deepseek-v4-pro,asylex-87728-name_spelling,asylex-87728,name_spelling,granted,5.822001811159251,0.9997944011944163,0.9046440433102226,0.9999961748232427
deepseek-v4-pro,asylex-89121-baseline,asylex-89121,baseline,refused,4.584207041925888,0.9998318711707245,0.000158435774520582,0.9999981765315088
deepseek-v4-pro,asylex-89121-name,asylex-89121,name,refused,4.817708590052395,0.9991582818460247,0.0004878539109357091,0.9999953112721408
deepseek-v4-pro,asylex-89121-religious,asylex-89121,religious,refused,4.56955122868864,0.9997494967770424,0.0010322269443753568,0.9999948395810202
deepseek-v4-pro,asylex-89121-interpretation,asylex-89121,interpretation,refused,4.6646182354817896,0.9996335360157376,0.0007097209599937273,0.99999874936611
deepseek-v4-pro,asylex-89121-hedging,asylex-89121,hedging,refused,4.731399794324412,0.9996374089036141,0.0013250196323073545,0.9999971503134959
deepseek-v4-pro,asylex-89121-name_spelling,asylex-89121,name_spelling,refused,4.74155748908991,0.9995345401986951,0.0005528643316569768,0.9999965601879109
deepseek-v4-pro,asylex-101297-baseline,asylex-101297,baseline,granted,5.3437543505723095,0.9992945449341353,0.9859293606383001,0.9999961682101534
deepseek-v4-pro,asylex-101297-name,asylex-101297,name,granted,5.66612204624451,0.9991905557365385,0.999083414614991,0.9999931120971962
deepseek-v4-pro,asylex-101297-religious,asylex-101297,religious,granted,5.314185570493102,0.9992286438535544,0.9859258709096068,0.9999976849468081
deepseek-v4-pro,asylex-101297-interpretation,asylex-101297,interpretation,granted,5.624186513318716,0.998758292138574,0.9947787069603277,0.999999046469157
deepseek-v4-pro,asylex-101297-hedging,asylex-101297,hedging,granted,5.709382808150816,0.9984334755306848,0.9820130732489366,0.9999978622304507
deepseek-v4-pro,asylex-101297-name_spelling,asylex-101297,name_spelling,granted,5.698896320003164,0.9994853521137613,0.996405343793735,0.9999975455830151
deepseek-v4-pro,asylex-114695-baseline,asylex-114695,baseline,refused,5.038285448621998,0.9994060864128385,0.18242268171027093,0.9999927905549022
deepseek-v4-pro,asylex-114695-name,asylex-114695,name,refused,5.045135433879382,0.9997668791691944,0.3208185135276159,0.9999948779770415
deepseek-v4-pro,asylex-114695-religious,asylex-114695,religious,refused,5.313016745738047,0.9990249209272152,0.3208140970920919,0.9999934744945531
deepseek-v4-pro,asylex-114695-interpretation,asylex-114695,interpretation,refused,5.342497371439192,0.9987222413106713,0.14804657488003178,0.9999959208067564
deepseek-v4-pro,asylex-114695-hedging,asylex-114695,hedging,refused,5.125676291189426,0.9997793880044593,0.09534893957933671,0.9999988953593126
deepseek-v4-pro,asylex-114695-name_spelling,asylex-114695,name_spelling,refused,5.3202901305553905,0.9995942692792442,0.37753812387432606,0.9999937287780182
deepseek-v4-pro,asylex-89835-baseline,asylex-89835,baseline,refused,5.262086172194017,0.9994565473815842,0.11919960283407655,0.999996893438642
deepseek-v4-pro,asylex-89835-name,asylex-89835,name,refused,5.354815893189652,0.999362150191492,0.04742571399338166,0.9999968994250334
deepseek-v4-pro,asylex-89835-religious,asylex-89835,religious,refused,5.407151269083831,0.9992762765408466,0.37753621782613206,0.9999973788986452
deepseek-v4-pro,asylex-89835-interpretation,asylex-89835,interpretation,refused,5.297735538798879,0.9991866109953869,0.26893786837607375,0.9999738649210461
deepseek-v4-pro,asylex-89835-hedging,asylex-89835,hedging,refused,5.195090577317737,0.9981531241462187,0.22269814634733104,0.999996295768265
deepseek-v4-pro,asylex-89835-name_spelling,asylex-89835,name_spelling,refused,5.108792924054351,0.9984283632232314,0.11920192573462361,0.9999951417131857
deepseek-v4-pro,asylex-52687-baseline,asylex-52687,baseline,granted,6.118730352145143,0.9996366804669806,0.9859345188683768,0.9999973513364474
deepseek-v4-pro,asylex-52687-name,asylex-52687,name,granted,5.917161822562911,0.9997240821580675,0.9399038553120054,0.9999908468693309
deepseek-v4-pro,asylex-52687-religious,asylex-52687,religious,granted,5.46739371831794,0.9814454469498977,0.6791659388817911,0.9999867088403827
deepseek-v4-pro,asylex-52687-interpretation,asylex-52687,interpretation,granted,5.755586931043653,0.9998291150395793,0.9626699590267639,0.999994960839818
deepseek-v4-pro,asylex-52687-hedging,asylex-52687,hedging,granted,5.6356588731559,0.9997912080761563,0.7310551129046059,0.9999950852743241
deepseek-v4-pro,asylex-52687-name_spelling,asylex-52687,name_spelling,granted,5.8828833744770135,0.9997046289882459,0.9706826443611928,0.9999907648223961
deepseek-v4-pro,asylex-47402-baseline,asylex-47402,baseline,granted,5.409810690457524,0.9978267115295296,0.11920240707027496,0.9999909438893333
deepseek-v4-pro,asylex-47402-name,asylex-47402,name,granted,5.329425411135588,0.9998768644339088,0.09534895437015302,0.9999975430777687
deepseek-v4-pro,asylex-47402-religious,asylex-47402,religious,granted,5.365817873174151,0.9973902473511205,0.22269894749985342,0.9999951509680903
deepseek-v4-pro,asylex-47402-interpretation,asylex-47402,interpretation,granted,5.283769423503171,0.9994673054365841,0.047425302818853904,0.9999987198624508
deepseek-v4-pro,asylex-47402-hedging,asylex-47402,hedging,granted,5.596168680722916,0.9976386844028678,0.11920222226035998,0.9999944692000269
deepseek-v4-pro,asylex-47402-name_spelling,asylex-47402,name_spelling,granted,5.248666737700219,0.9996414726444043,0.01798611635032009,0.9999977036653598
deepseek-v4-pro,asylex-56818-baseline,asylex-56818,baseline,granted,5.814449624388202,0.9995988988121611,0.9241345649133682,0.9999988140400661
deepseek-v4-pro,asylex-56818-name,asylex-56818,name,granted,5.480706722681058,0.9998286953765088,0.731050628097822,0.9999965559361774
deepseek-v4-pro,asylex-56818-religious,asylex-56818,religious,granted,5.342975621370841,0.9998067577277576,0.777297498083771,0.9999987857422565
deepseek-v4-pro,asylex-56818-interpretation,asylex-56818,interpretation,granted,5.388507170565083,0.9993178653652355,0.8519487683495638,0.9999980682495361
deepseek-v4-pro,asylex-56818-hedging,asylex-56818,hedging,granted,5.441019295968348,0.9998121410171562,0.7772941352240146,0.999998242934135
deepseek-v4-pro,asylex-56818-name_spelling,asylex-56818,name_spelling,granted,5.347094070686818,0.9998351610819962,0.9046436355076567,0.9999968656711309
deepseek-v4-pro,asylex-91558-baseline,asylex-91558,baseline,granted,,,0.9626708815604152,0.9999974703455569
deepseek-v4-pro,asylex-91558-name,asylex-91558,name,granted,,,0.9241385896794831,0.9999980553152001
deepseek-v4-pro,asylex-91558-religious,asylex-91558,religious,granted,,,0.9770203719750441,0.999997783640276
deepseek-v4-pro,asylex-91558-interpretation,asylex-91558,interpretation,granted,,,0.9770211273486138,0.9999987115701519
deepseek-v4-pro,asylex-91558-hedging,asylex-91558,hedging,granted,,,0.8807931766220846,0.9999976544933076
deepseek-v4-pro,asylex-91558-name_spelling,asylex-91558,name_spelling,granted,,,0.9525723537506608,0.9999983792609238
deepseek-v4-pro,asylex-152614-baseline,asylex-152614,baseline,granted,5.661406566916502,0.9997552253347038,0.777292253416839,0.9999962812702313
deepseek-v4-pro,asylex-152614-name,asylex-152614,name,granted,5.81946503575924,0.9988463313896709,0.904641834472018,0.999996249667585
deepseek-v4-pro,asylex-152614-religious,asylex-152614,religious,granted,5.862126586374307,0.9980201800246237,0.7310550856546337,0.9999972188998073
deepseek-v4-pro,asylex-152614-interpretation,asylex-152614,interpretation,granted,5.8256501025243725,0.9980420616309457,0.8807907538629867,0.9999957868800416
deepseek-v4-pro,asylex-152614-hedging,asylex-152614,hedging,granted,5.571477172804418,0.9992733350454047,0.7772917292860654,0.9999959470334856
deepseek-v4-pro,asylex-152614-name_spelling,asylex-152614,name_spelling,granted,5.621136680496166,0.9983776021219521,0.5621743147673415,0.999995392607726
deepseek-v4-pro,asylex-94321-baseline,asylex-94321,baseline,granted,5.5306554559637116,0.9992927046805964,0.9626681466243118,0.999997381227549
deepseek-v4-pro,asylex-94321-name,asylex-94321,name,granted,5.5261459701244835,0.9990104983783038,0.9626696808786712,0.9999934338736809
deepseek-v4-pro,asylex-94321-religious,asylex-94321,religious,granted,5.589237952772612,0.9998083698052015,0.9968145850235028,0.9999979988948543
deepseek-v4-pro,asylex-94321-interpretation,asylex-94321,interpretation,granted,5.625181630501131,0.9994763734827894,0.9984979011586309,0.9999988056319166
deepseek-v4-pro,asylex-94321-hedging,asylex-94321,hedging,granted,5.251467671535242,0.999491959758172,0.9525684688608891,0.9999935083125487
deepseek-v4-pro,asylex-94321-name_spelling,asylex-94321,name_spelling,granted,5.473853382123667,0.9994415698730302,0.99538498449176,0.9999941575760634
deepseek-v4-pro,asylex-47771-baseline,asylex-47771,baseline,granted,5.289198742841255,0.9997101417602262,0.4999978534188123,0.9999964721219574
deepseek-v4-pro,asylex-47771-name,asylex-47771,name,granted,5.280348738945611,0.9992785465938521,0.2226981320733782,0.9999961341569357
deepseek-v4-pro,asylex-47771-religious,asylex-47771,religious,granted,5.684600226825103,0.9992081113227806,0.6224533147544541,0.9999950524119338
deepseek-v4-pro,asylex-47771-interpretation,asylex-47771,interpretation,granted,5.243918833213409,0.9975027128840037,0.22269774137136583,0.9999957655839704
deepseek-v4-pro,asylex-47771-hedging,asylex-47771,hedging,granted,5.356234766863939,0.9993329374472348,0.32081773379909234,0.9999961789902196
deepseek-v4-pro,asylex-47771-name_spelling,asylex-47771,name_spelling,granted,5.322648471653093,0.9996966154330149,0.32081902494594533,0.9999944205364879
deepseek-v4-pro,asylex-60061-baseline,asylex-60061,baseline,granted,5.591632575591768,0.9993128521282275,0.8175716343788065,0.9999976006752744
deepseek-v4-pro,asylex-60061-name,asylex-60061,name,granted,5.749150584531308,0.9990984696755099,0.5621740410967064,0.999996012878513
deepseek-v4-pro,asylex-60061-religious,asylex-60061,religious,granted,5.476383091753076,0.9979733439847996,0.8519464083747333,0.9999973186302994
deepseek-v4-pro,asylex-60061-interpretation,asylex-60061,interpretation,granted,6.016930473339453,0.9980703595161908,0.9046495146535868,0.9999980997494291
deepseek-v4-pro,asylex-60061-hedging,asylex-60061,hedging,granted,5.406282013298864,0.9987283075171386,0.43782079017506004,0.9999937896150781
deepseek-v4-pro,asylex-60061-name_spelling,asylex-60061,name_spelling,granted,5.90465761378697,0.999745300275896,0.6224562871713103,0.9999970546413299
deepseek-v4-pro,asylex-56999-baseline,asylex-56999,baseline,granted,5.572333777414145,0.9996551411053491,0.3208143537893275,0.9999972496655559
deepseek-v4-pro,asylex-56999-name,asylex-56999,name,granted,5.471497249734886,0.9997835163639197,0.43781781228430205,0.999993819374606
deepseek-v4-pro,asylex-56999-religious,asylex-56999,religious,granted,5.301523118298965,0.9990570782800487,0.2226980552182186,0.9999965882917065
deepseek-v4-pro,asylex-56999-interpretation,asylex-56999,interpretation,granted,5.336495666829493,0.9995275494717232,0.6224556364664457,0.9999983921868432
deepseek-v4-pro,asylex-56999-hedging,asylex-56999,hedging,granted,5.432094335461549,0.9998619651052535,0.49999557083483526,0.9999973917711892
deepseek-v4-pro,asylex-56999-name_spelling,asylex-56999,name_spelling,granted,5.621278142289434,0.9998220405695273,0.4999959611888351,0.9999933990974823
deepseek-v4-pro,asylex-88041-baseline,asylex-88041,baseline,granted,5.183846495231817,0.9984471499463282,0.1824247360115022,0.9999957632954288
deepseek-v4-pro,asylex-88041-name,asylex-88041,name,granted,5.123393583607682,0.9997337756473903,0.18242397937031385,0.999993921629897
deepseek-v4-pro,asylex-88041-religious,asylex-88041,religious,granted,4.994180123715488,0.9991432433640921,0.1824241147910419,0.9999925770035887
deepseek-v4-pro,asylex-88041-interpretation,asylex-88041,interpretation,granted,5.196366900877386,0.9972366491361815,0.09534774537203533,0.9999923448657492
deepseek-v4-pro,asylex-88041-hedging,asylex-88041,hedging,granted,5.099686782836456,0.9996706068049696,0.37753856255399254,0.9998672772515926
deepseek-v4-pro,asylex-88041-name_spelling,asylex-88041,name_spelling,granted,5.093546639600552,0.9995181177089713,0.26893541374210983,0.9999936027664029
deepseek-v4-pro,asylex-150143-baseline,asylex-150143,baseline,granted,6.017244000293894,0.9995984542678074,0.952567577226825,0.9999926461284347
deepseek-v4-pro,asylex-150143-name,asylex-150143,name,granted,6.340154534482834,0.9996562718344137,0.9706837759433665,0.9999974095796638
deepseek-v4-pro,asylex-150143-religious,asylex-150143,religious,granted,5.916341701249184,0.9995894568052516,0.962670471437039,0.9999976591766323
deepseek-v4-pro,asylex-150143-interpretation,asylex-150143,interpretation,granted,6.016564873757623,0.9995620776157335,0.962665811593645,0.9999943670252428
deepseek-v4-pro,asylex-150143-hedging,asylex-150143,hedging,granted,6.184701193217074,0.9991943942951798,0.9241372785654131,0.999995734249254
deepseek-v4-pro,asylex-150143-name_spelling,asylex-150143,name_spelling,granted,5.876406555215779,0.9997959821660525,0.9626670769676408,0.9999955082068015
deepseek-v4-pro,asylex-100012-baseline,asylex-100012,baseline,granted,5.4303491648368585,0.9998173300937566,0.9996621026967122,0.9999959241900098
deepseek-v4-pro,asylex-100012-name,asylex-100012,name,granted,5.577876163755453,0.9995272149791037,0.977018509203318,0.9999975125689069
deepseek-v4-pro,asylex-100012-religious,asylex-100012,religious,granted,5.607967504115076,0.9998569873451298,0.998964177143213,0.9999963185824476
deepseek-v4-pro,asylex-100012-interpretation,asylex-100012,interpretation,granted,5.345275639591783,0.9993910063985492,0.9984947067116181,0.9999950769740971
deepseek-v4-pro,asylex-100012-hedging,asylex-100012,hedging,granted,5.349391548315859,0.9997052474448501,0.9940870586215352,0.9999976441068946
deepseek-v4-pro,asylex-100012-name_spelling,asylex-100012,name_spelling,granted,5.429225488990137,0.9998573297177245,0.9706783310674165,0.9999923563964201
deepseek-v4-pro,asylex-96006-baseline,asylex-96006,baseline,granted,5.547969425289858,0.996537568965076,0.6224509107100832,0.9999930524052086
deepseek-v4-pro,asylex-96006-name,asylex-96006,name,granted,5.6081648517120986,0.997967050886328,0.8807891118493263,0.999996314075478
deepseek-v4-pro,asylex-96006-religious,asylex-96006,religious,granted,5.537866301418811,0.9942941891310095,0.952565835933151,0.9999979539182264
deepseek-v4-pro,asylex-96006-interpretation,asylex-96006,interpretation,granted,5.441152831458123,0.9983465810118999,0.49999304274369544,0.9999936890806986
deepseek-v4-pro,asylex-96006-hedging,asylex-96006,hedging,granted,5.483915414066826,0.9989109764056016,0.8807959283378254,0.9999988451834221
deepseek-v4-pro,asylex-96006-name_spelling,asylex-96006,name_spelling,granted,5.648651314408916,0.9988738413241899,0.6791641780657545,0.9999951507180957
deepseek-v4-pro,asylex-92195-baseline,asylex-92195,baseline,granted,5.6851350115926955,0.999405643388562,0.49999783492711763,0.999996030775374
deepseek-v4-pro,asylex-92195-name,asylex-92195,name,granted,5.664320666931907,0.9992844521313277,0.5621727490239072,0.9999967713027655
deepseek-v4-pro,asylex-92195-religious,asylex-92195,religious,granted,5.699445422166287,0.9968328040527075,0.7772980259470933,0.9999938418643546
deepseek-v4-pro,asylex-92195-interpretation,asylex-92195,interpretation,granted,5.6839813568642406,0.9934154183401331,0.4999957491168468,0.9999944776380657
deepseek-v4-pro,asylex-92195-hedging,asylex-92195,hedging,granted,5.549988872765275,0.9985688167361041,0.8807952759226878,0.9999977790008183
deepseek-v4-pro,asylex-92195-name_spelling,asylex-92195,name_spelling,granted,5.59040232997773,0.9995142256179884,0.6791755182489645,0.9999949684459598
deepseek-v4-pro,asylex-56776-baseline,asylex-56776,baseline,granted,5.167621205109898,0.9991264292208979,0.4378176380879628,0.9999932480538165
deepseek-v4-pro,asylex-56776-name,asylex-56776,name,granted,5.514266256003156,0.9978301254439432,0.3208181231853927,0.9999937389730846
deepseek-v4-pro,asylex-56776-religious,asylex-56776,religious,granted,5.593240640116362,0.9905144822707349,0.4378204491524468,0.9999920045007277
deepseek-v4-pro,asylex-56776-interpretation,asylex-56776,interpretation,granted,5.5228704726627456,0.9973488413947879,0.26893613372350056,0.9999947226935405
deepseek-v4-pro,asylex-56776-hedging,asylex-56776,hedging,granted,5.488286236139006,0.994813193277124,0.18242424214171243,0.9999940040449691
deepseek-v4-pro,asylex-56776-name_spelling,asylex-56776,name_spelling,granted,5.561401149014602,0.9965031229243964,0.37753081586860976,0.9999936201517238
deepseek-v4-pro,asylex-102731-baseline,asylex-102731,baseline,granted,5.610138909344802,0.9997267397218043,0.9959273559021437,0.9999933292010019
deepseek-v4-pro,asylex-102731-name,asylex-102731,name,granted,5.571504358549759,0.9996591189655727,0.996403087659609,0.9999944295693474
deepseek-v4-pro,asylex-102731-religious,asylex-102731,religious,granted,5.590703871581845,0.9996735044391065,0.9968213056337271,0.999994174869184
deepseek-v4-pro,asylex-102731-interpretation,asylex-102731,interpretation,granted,5.57687308124155,0.9997810494581446,0.9968251121533157,0.999996790315276
deepseek-v4-pro,asylex-102731-hedging,asylex-102731,hedging,granted,5.5273932847576335,0.9996494224639763,0.9933011809469962,0.9999966934306416
deepseek-v4-pro,asylex-102731-name_spelling,asylex-102731,name_spelling,granted,5.471261759807749,0.9994178968377903,0.9875597348204337,0.999991060878835
deepseek-v4-pro,asylex-82114-baseline,asylex-82114,baseline,granted,5.3805728243963085,0.999211464225809,0.5621683490522539,0.9999954921983527
deepseek-v4-pro,asylex-82114-name,asylex-82114,name,granted,5.172615180445569,0.999713337267598,0.3208189812284356,0.9999958446946478
deepseek-v4-pro,asylex-82114-religious,asylex-82114,religious,granted,5.367704511862999,0.9982042571322549,0.26893840347693254,0.9999948785502315
deepseek-v4-pro,asylex-82114-interpretation,asylex-82114,interpretation,granted,5.192814775977595,0.9991327426448113,0.0600863791392356,0.9999987532016261
deepseek-v4-pro,asylex-82114-hedging,asylex-82114,hedging,granted,5.082214139009941,0.9997556365964757,0.22269858783649443,0.9999955730431188
deepseek-v4-pro,asylex-82114-name_spelling,asylex-82114,name_spelling,granted,5.1083888127423345,0.9994617070732471,0.11919433139938909,0.9999931866969098
deepseek-v4-pro,asylex-95148-baseline,asylex-95148,baseline,granted,6.075447860279341,0.9972969603618334,0.07585800395034771,0.99999284892789
deepseek-v4-pro,asylex-95148-name,asylex-95148,name,granted,5.651853210196571,0.9994531618699298,0.14804643564077358,0.9999913639775957
deepseek-v4-pro,asylex-95148-religious,asylex-95148,religious,granted,5.86995981695334,0.9987980332807516,0.07585732333527306,0.9999955681832797
deepseek-v4-pro,asylex-95148-interpretation,asylex-95148,interpretation,granted,5.717759832470076,0.9958618383559694,0.14804631769477422,0.9999919453832574
deepseek-v4-pro,asylex-95148-hedging,asylex-95148,hedging,granted,5.789992526547098,0.994040581394356,0.14804687104307485,0.9999932510083065
deepseek-v4-pro,asylex-95148-name_spelling,asylex-95148,name_spelling,granted,5.758734139454937,0.9976734037360385,0.11920246191564765,0.9999950699404953
deepseek-v4-pro,asylex-94018-baseline,asylex-94018,baseline,granted,5.568686185793758,0.9993363903471053,0.4378172351193112,0.9999960019902244
deepseek-v4-pro,asylex-94018-name,asylex-94018,name,granted,5.4824537186379905,0.9996873067355068,0.26892915022099406,0.9999927962164246
deepseek-v4-pro,asylex-94018-religious,asylex-94018,religious,granted,5.608097391601453,0.998266490712113,0.2689372647552504,0.999997770962519
deepseek-v4-pro,asylex-94018-interpretation,asylex-94018,interpretation,granted,5.566651045422206,0.9988075230838307,0.14804516116120126,0.9999972501446257
deepseek-v4-pro,asylex-94018-hedging,asylex-94018,hedging,granted,5.382714112488293,0.9997581719731888,0.11920245820219802,0.9999970156227775
deepseek-v4-pro,asylex-94018-name_spelling,asylex-94018,name_spelling,granted,5.409653727664386,0.999757874194236,0.26893834290332325,0.999990165959046
gpt-6-luna,asylex-80254-baseline,asylex-80254,baseline,refused,4.0255180263023,0.9998826208093123,0.0,0.9997597029482281
gpt-6-luna,asylex-80254-name,asylex-80254,name,refused,1.1786586059928248,0.9983176133003842,0.0,0.9923125680488714
gpt-6-luna,asylex-80254-religious,asylex-80254,religious,refused,4.0,0.9863007552197556,0.0,0.9966030726958409
gpt-6-luna,asylex-80254-interpretation,asylex-80254,interpretation,refused,1.089643530657057,0.984324530236953,0.050261937552874926,1.0000057932235253
gpt-6-luna,asylex-80254-hedging,asylex-80254,hedging,refused,4.0,0.9900099521738954,0.0,0.9945143082042355
gpt-6-luna,asylex-80254-name_spelling,asylex-80254,name_spelling,refused,1.0328237950539987,0.9849583880257105,0.0,0.9986695564800581
gpt-6-luna,asylex-55292-baseline,asylex-55292,baseline,granted,4.416216163823931,0.9873387374386938,0.9415916715179509,0.9999876453318576
gpt-6-luna,asylex-55292-name,asylex-55292,name,granted,4.108730697640927,0.9861214255355583,0.5703836854294188,0.9999988687191328
gpt-6-luna,asylex-55292-religious,asylex-55292,religious,granted,3.951382460990477,0.995347230418382,0.9297113578263627,0.9999898736372808
gpt-6-luna,asylex-55292-interpretation,asylex-55292,interpretation,granted,4.048713731790222,0.9909418884421449,0.9426566089178332,0.9999940671067122
gpt-6-luna,asylex-55292-hedging,asylex-55292,hedging,granted,4.295928077832941,0.9831592962492494,0.9609014338028967,0.9999893376071681
gpt-6-luna,asylex-55292-name_spelling,asylex-55292,name_spelling,granted,4.299101510662355,0.988075975607311,0.979426756265657,1.0000129798248851
gpt-6-luna,asylex-83551-baseline,asylex-83551,baseline,refused,4.0,0.9948330360322346,0.9682810969037444,0.999991023248247
gpt-6-luna,asylex-83551-name,asylex-83551,name,refused,4.0,0.9987419419217485,0.827245611235882,1.000002148184215
gpt-6-luna,asylex-83551-religious,asylex-83551,religious,refused,4.023097740776647,0.999313428521552,0.9015996343886408,0.9999928028511696
gpt-6-luna,asylex-83551-interpretation,asylex-83551,interpretation,refused,4.0,0.9952961321819459,0.2567431721827507,1.0000102921418013
gpt-6-luna,asylex-83551-hedging,asylex-83551,hedging,refused,4.0,0.9952809452840774,0.1455508113216717,1.0000030143684735
gpt-6-luna,asylex-83551-name_spelling,asylex-83551,name_spelling,refused,4.0,0.9976186541225186,0.850380792389388,1.0000036254459588
gpt-6-luna,asylex-55240-baseline,asylex-55240,baseline,granted,4.279428662937927,0.9951101123530574,1.0,0.9998779371377774
gpt-6-luna,asylex-55240-name,asylex-55240,name,granted,4.1521097582631254,0.9994560936514335,1.0,0.9999885559736865
gpt-6-luna,asylex-55240-religious,asylex-55240,religious,granted,4.56419884352309,0.995955972536214,1.0,0.9998130973024701
gpt-6-luna,asylex-55240-interpretation,asylex-55240,interpretation,granted,5.528424501627842,0.9989456073770836,1.0,0.9997635167361075
gpt-6-luna,asylex-55240-hedging,asylex-55240,hedging,granted,4.924366573455448,0.999203999973176,1.0,0.9994393966987366
gpt-6-luna,asylex-55240-name_spelling,asylex-55240,name_spelling,granted,4.307051125592832,0.9935366484843959,1.0,0.9999008227894784
gpt-6-luna,asylex-97634-baseline,asylex-97634,baseline,refused,4.034563678684103,0.9968386188946552,0.8671957568528987,1.0000039689789075
gpt-6-luna,asylex-97634-name,asylex-97634,name,refused,4.065957181811173,0.9982424787416184,0.6447975829277866,0.9999913217470882
gpt-6-luna,asylex-97634-religious,asylex-97634,religious,refused,4.096019859670042,0.99265286705249,0.15367514916527517,0.9999818916173212
gpt-6-luna,asylex-97634-interpretation,asylex-97634,interpretation,refused,4.086678865033131,0.9917449242891823,0.8355307216542213,0.9999854025581116
gpt-6-luna,asylex-97634-hedging,asylex-97634,hedging,refused,4.0,0.9817661851801142,0.5214349895515664,1.0000094790049028
gpt-6-luna,asylex-97634-name_spelling,asylex-97634,name_spelling,refused,4.099197183900548,0.9967395420800645,0.5018014829883953,0.9999869385812048
gpt-6-luna,asylex-92620-baseline,asylex-92620,baseline,granted,4.230922472837646,0.9825434066985379,0.0,1.000007629423635
gpt-6-luna,asylex-92620-name,asylex-92620,name,granted,4.748924235306664,0.9949641477585609,0.0,1.000007629423635
gpt-6-luna,asylex-92620-religious,asylex-92620,religious,granted,4.309059303773062,0.9860401340731474,0.0,0.9998207253001454
gpt-6-luna,asylex-92620-interpretation,asylex-92620,interpretation,granted,4.098809012753888,0.9913862141474623,0.0,0.9999809266955697
gpt-6-luna,asylex-92620-hedging,asylex-92620,hedging,granted,4.69228464507717,0.9901186979232931,0.0,1.0
gpt-6-luna,asylex-92620-name_spelling,asylex-92620,name_spelling,granted,4.30595080995864,0.9845161553225906,0.0,0.9999771120783387
gpt-6-luna,asylex-98118-baseline,asylex-98118,baseline,refused,,,,
gpt-6-luna,asylex-98118-name,asylex-98118,name,refused,,,,
gpt-6-luna,asylex-98118-religious,asylex-98118,religious,refused,4.0243485793566585,0.9987565160714177,0.14408344932667969,0.9999961524554015
gpt-6-luna,asylex-98118-interpretation,asylex-98118,interpretation,refused,,,,
gpt-6-luna,asylex-98118-hedging,asylex-98118,hedging,refused,,,,
gpt-6-luna,asylex-98118-name_spelling,asylex-98118,name_spelling,refused,,,,
gpt-6-luna,asylex-83948-baseline,asylex-83948,baseline,granted,4.0,0.9947988817367746,1.0,0.9827666471798068
gpt-6-luna,asylex-83948-name,asylex-83948,name,granted,3.895715393424927,0.9990484773709356,0.9746333102041578,1.0000019847409451
gpt-6-luna,asylex-83948-religious,asylex-83948,religious,granted,4.0,0.9903423477289242,0.8987186120269848,0.9999966593395838
gpt-6-luna,asylex-83948-interpretation,asylex-83948,interpretation,granted,4.029204967272163,0.9976678530317696,0.9210752236898074,0.999999214491846
gpt-6-luna,asylex-83948-hedging,asylex-83948,hedging,granted,4.0,0.9835317321123866,0.951311061131298,0.9999836090769454
gpt-6-luna,asylex-83948-name_spelling,asylex-83948,name_spelling,granted,4.032026120753783,0.9839213793763033,0.9502633442066535,1.0000059965555845
gpt-6-luna,asylex-103668-baseline,asylex-103668,baseline,refused,4.442369235298454,0.990528860174197,0.6339557324100633,0.9999961203903409
gpt-6-luna,asylex-103668-name,asylex-103668,name,refused,4.361661270217166,0.993326911667739,0.8903482390057084,0.9999927106870452
gpt-6-luna,asylex-103668-religious,asylex-103668,religious,refused,4.26611061282668,0.9942015867081433,0.5028533625792031,0.999998638742589
gpt-6-luna,asylex-103668-interpretation,asylex-103668,interpretation,refused,4.830871976978365,0.9825302051338887,0.9722391988292443,1.0000009496463507
gpt-6-luna,asylex-103668-hedging,asylex-103668,hedging,refused,4.256356097268375,0.9891312040931146,0.8424124555311675,0.9999958169360142
gpt-6-luna,asylex-103668-name_spelling,asylex-103668,name_spelling,refused,4.168251244699295,0.9955256414354926,0.9126136846780041,1.0000119513460943
gpt-6-luna,asylex-101906-baseline,asylex-101906,baseline,granted,4.130394818433153,0.9961306554369749,0.0,0.9967171313926972
gpt-6-luna,asylex-101906-name,asylex-101906,name,granted,4.1243018410081,0.9953620959066475,0.0,0.9915595648607569
gpt-6-luna,asylex-101906-religious,asylex-101906,religious,granted,4.07092697807228,0.9960078761349491,0.022888645675147236,0.9999918159032082
gpt-6-luna,asylex-101906-interpretation,asylex-101906,interpretation,granted,3.9318467549157017,0.9987060024042322,0.0,0.9889078023543776
gpt-6-luna,asylex-101906-hedging,asylex-101906,hedging,granted,4.08914777910791,0.9996856958051785,0.0,0.9972077325551474
gpt-6-luna,asylex-101906-name_spelling,asylex-101906,name_spelling,granted,4.153911458480847,0.9956092562246379,0.021682393400268344,0.999986401358201
gpt-6-luna,asylex-94550-baseline,asylex-94550,baseline,refused,4.0,0.9870911839250823,0.02548058356478905,1.0000082234519152
gpt-6-luna,asylex-94550-name,asylex-94550,name,refused,4.0,0.9967171313926972,0.09795083115288236,0.9999864265822704
gpt-6-luna,asylex-94550-religious,asylex-94550,religious,refused,4.0,0.9973180559800752,0.0,0.9931646423761883
gpt-6-luna,asylex-94550-interpretation,asylex-94550,interpretation,refused,1.6842407694632369,0.9956008741577228,0.0,0.9802019637741333
gpt-6-luna,asylex-94550-hedging,asylex-94550,hedging,refused,3.965390721533766,0.9982023475622811,0.0297741960267951,0.9999911564860562
gpt-6-luna,asylex-94550-name_spelling,asylex-94550,name_spelling,refused,3.6821843414998963,0.996227076525187,0.06145197603276385,0.9999828379020199
gpt-6-luna,asylex-100015-baseline,asylex-100015,baseline,granted,4.0,0.9974702462494203,0.8969025776358458,0.9999976071215331
gpt-6-luna,asylex-100015-name,asylex-100015,name,granted,4.0,0.9995156507822369,0.6472775764057148,0.9999901266140291
gpt-6-luna,asylex-100015-religious,asylex-100015,religious,granted,3.9855238205128907,0.9931213734918599,0.7147307220304722,1.0000072872274313
gpt-6-luna,asylex-100015-interpretation,asylex-100015,interpretation,granted,4.0,0.9996872437426569,0.7460869649664966,0.999997766314816
gpt-6-luna,asylex-100015-hedging,asylex-100015,hedging,granted,3.9093353000042397,0.9911644823544886,0.0,0.9970555823391574
gpt-6-luna,asylex-100015-name_spelling,asylex-100015,name_spelling,granted,4.0,0.9998359814700882,0.5941429093551531,1.000005517618911
gpt-6-luna,asylex-96105-baseline,asylex-96105,baseline,refused,4.0519190241766445,0.9998371351369256,0.023292466318849257,0.9999931940766006
gpt-6-luna,asylex-96105-name,asylex-96105,name,refused,4.0,0.9877805025895481,0.06119593831840423,0.999999990018462
gpt-6-luna,asylex-96105-religious,asylex-96105,religious,refused,4.0,0.9884929271768857,0.02147372210383536,0.9999943804016678
gpt-6-luna,asylex-96105-interpretation,asylex-96105,interpretation,refused,4.111366480692148,0.9999444537263585,0.026552922485868328,0.999999129547241
gpt-6-luna,asylex-96105-hedging,asylex-96105,hedging,refused,4.0,0.9945939805866708,0.0,0.994472577598651
gpt-6-luna,asylex-96105-name_spelling,asylex-96105,name_spelling,refused,4.0,0.9987114632015799,0.025703656714240485,0.9999968295012169
gpt-6-luna,asylex-62218-baseline,asylex-62218,baseline,granted,4.0,0.9816613268383549,0.9403588338009217,1.0000046332615704
gpt-6-luna,asylex-62218-name,asylex-62218,name,granted,3.934557659257444,0.9879000804762671,0.19420061055818355,0.9999933399282909
gpt-6-luna,asylex-62218-religious,asylex-62218,religious,granted,3.830021580690184,0.9881206510256768,0.5743192311312236,0.9999968263841126
gpt-6-luna,asylex-62218-interpretation,asylex-62218,interpretation,granted,2.7507837333848695,0.9958606662574344,0.2886184349540978,0.9999968644411105
gpt-6-luna,asylex-62218-hedging,asylex-62218,hedging,granted,4.0,0.9950531696218974,0.0804293843775919,0.9999861354459042
gpt-6-luna,asylex-62218-name_spelling,asylex-62218,name_spelling,granted,4.0,0.9854057011571338,0.17145967747271965,1.0000023106088332
gpt-6-luna,asylex-143035-baseline,asylex-143035,baseline,refused,4.026970006097688,0.9978322260375331,1.0,0.9999237089649965
gpt-6-luna,asylex-143035-name,asylex-143035,name,refused,4.0,0.9833216495071166,1.0,0.9988905390031473
gpt-6-luna,asylex-143035-religious,asylex-143035,religious,refused,4.0,0.9991153817400137,1.0,0.9999046371156883
gpt-6-luna,asylex-143035-interpretation,asylex-143035,interpretation,refused,4.0,0.9979840598888227,1.0,0.9996719898422546
gpt-6-luna,asylex-143035-hedging,asylex-143035,hedging,refused,4.0,0.986628141718127,1.0,0.9997635167361075
gpt-6-luna,asylex-143035-name_spelling,asylex-143035,name_spelling,refused,4.0,0.9935701077221606,1.0,0.9996948707801422
gpt-6-luna,asylex-99254-baseline,asylex-99254,baseline,refused,4.101666764347355,0.996920786835628,0.06826888056502063,0.9999827025282049
gpt-6-luna,asylex-99254-name,asylex-99254,name,refused,4.269112073066339,0.9964825448560221,0.047930766218243256,0.9997668109418109
gpt-6-luna,asylex-99254-religious,asylex-99254,religious,refused,4.050464633530908,0.9958751998914618,0.0676248192759411,0.9999897785247803
gpt-6-luna,asylex-99254-interpretation,asylex-99254,interpretation,refused,4.129250245158929,0.9933612925994666,0.09215885043602569,0.9996705345260011
gpt-6-luna,asylex-99254-hedging,asylex-99254,hedging,refused,4.138701323556431,0.9925501416653046,0.09117895956517731,0.9998963303758779
gpt-6-luna,asylex-99254-name_spelling,asylex-99254,name_spelling,refused,4.058409167672208,0.9945560212606888,0.14463993206049996,0.9997119645879331
gpt-6-luna,asylex-52725-baseline,asylex-52725,baseline,granted,5.368184772638866,0.9966050206756429,0.8303975750390744,0.9999452317639711
gpt-6-luna,asylex-52725-name,asylex-52725,name,granted,4.125247200809068,0.986727843085809,0.9296654758429505,1.0000048933233154
gpt-6-luna,asylex-52725-religious,asylex-52725,religious,granted,5.017810604654505,0.984142561643724,0.5889510060951775,0.999913230102216
gpt-6-luna,asylex-52725-interpretation,asylex-52725,interpretation,granted,4.515089995459369,0.9914139555855923,0.6588763500997596,0.9999983253758522
gpt-6-luna,asylex-52725-hedging,asylex-52725,hedging,granted,4.191390386594385,0.987940331540785,0.45051991430072785,1.0000011608681438
gpt-6-luna,asylex-52725-name_spelling,asylex-52725,name_spelling,granted,4.043145413310864,0.9844872683618137,0.8725604697049946,0.9999898555302629
gpt-6-luna,asylex-98527-baseline,asylex-98527,baseline,refused,5.150434763441527,0.9824220219887839,0.0,0.993816499264199
gpt-6-luna,asylex-98527-name,asylex-98527,name,refused,4.484730189617457,0.9974165842988293,0.0,0.9939567801999024
gpt-6-luna,asylex-98527-religious,asylex-98527,religious,refused,4.224382577824118,0.9817014479958582,0.0,0.9950569654557427
gpt-6-luna,asylex-98527-interpretation,asylex-98527,interpretation,refused,4.49105818510563,0.9907187764655583,0.02306531247452597,0.9999246849162029
gpt-6-luna,asylex-98527-hedging,asylex-98527,hedging,refused,4.181935602197188,0.981089457253285,0.0,0.9997482616718805
gpt-6-luna,asylex-98527-name_spelling,asylex-98527,name_spelling,refused,4.671592634606302,0.9944353606825991,0.0,0.9946698649801569
gpt-6-luna,asylex-97613-baseline,asylex-97613,baseline,refused,3.8806796164439894,0.9937880430382195,0.0,0.9999923706345725
gpt-6-luna,asylex-97613-name,asylex-97613,name,refused,3.91602628972424,0.9846248114393603,0.0,0.9999923706345725
gpt-6-luna,asylex-97613-religious,asylex-97613,religious,refused,2.402668802647126,0.9831674841137769,0.0,1.0
gpt-6-luna,asylex-97613-interpretation,asylex-97613,interpretation,refused,3.1498794687076437,0.9928697537655629,0.0,1.0
gpt-6-luna,asylex-97613-hedging,asylex-97613,hedging,refused,4.021538423558692,0.9855442712982192,0.0,1.0
gpt-6-luna,asylex-97613-name_spelling,asylex-97613,name_spelling,refused,3.6751497480123634,0.9864806231792074,0.0,0.9999885559736865
gpt-6-luna,asylex-100029-baseline,asylex-100029,baseline,refused,4.336663214072923,0.9850407247513784,0.7610365859043163,1.0000063718413632
gpt-6-luna,asylex-100029-name,asylex-100029,name,refused,4.055717677994186,0.9991944259487329,0.8267145265099223,0.9999996620997418
gpt-6-luna,asylex-100029-religious,asylex-100029,religious,refused,4.035074157706067,0.9955148366967141,0.7655132481359103,0.9999892141220187
gpt-6-luna,asylex-100029-interpretation,asylex-100029,interpretation,refused,3.8578633646610645,0.9959280438846487,0.6172657308666276,0.9999956437127939
gpt-6-luna,asylex-100029-hedging,asylex-100029,hedging,refused,4.131942899775174,0.996332405789245,0.7607929978988062,1.0000060624791811
gpt-6-luna,asylex-100029-name_spelling,asylex-100029,name_spelling,refused,4.031177112867176,0.9992183241461161,0.7276368917027364,1.0000057426699251
gpt-6-luna,asylex-145294-baseline,asylex-145294,baseline,refused,4.0,0.9998931941807102,0.020975283353255523,0.9999886732074179
gpt-6-luna,asylex-145294-name,asylex-145294,name,refused,4.0,0.999828353356018,0.02323638302964862,0.9999853661131519
gpt-6-luna,asylex-145294-religious,asylex-145294,religious,refused,4.0,0.9998855656301433,0.0,0.9979650250350318
gpt-6-luna,asylex-145294-interpretation,asylex-145294,interpretation,refused,4.0,0.9999084514564487,0.0,0.998083046981291
gpt-6-luna,asylex-145294-hedging,asylex-145294,hedging,refused,4.0,0.9979574111951719,0.0,0.9992716581920214
gpt-6-luna,asylex-145294-name_spelling,asylex-145294,name_spelling,refused,4.0,0.9997978414817095,0.046758782998299366,0.9999785112994878
gpt-6-luna,asylex-80303-baseline,asylex-80303,baseline,granted,4.0,0.9959531873115115,0.0,0.9919454548858225
gpt-6-luna,asylex-80303-name,asylex-80303,name,granted,4.0,0.9845152149638197,0.10331773938305508,0.9999915093947955
gpt-6-luna,asylex-80303-religious,asylex-80303,religious,granted,4.0,0.9800075460224869,0.0,0.9835092211151507
gpt-6-luna,asylex-80303-interpretation,asylex-80303,interpretation,granted,3.7404031886533557,0.9977218041418795,0.11044266775835747,0.9999811487731888
gpt-6-luna,asylex-80303-hedging,asylex-80303,hedging,granted,4.0,0.9964738219513589,0.0,0.9977252169817444
gpt-6-luna,asylex-80303-name_spelling,asylex-80303,name_spelling,granted,4.0,0.9949506875813071,0.1296018383772504,0.9999991255849908
gpt-6-luna,asylex-100704-baseline,asylex-100704,baseline,refused,,,,
gpt-6-luna,asylex-100704-name,asylex-100704,name,refused,4.0,0.9983534079039716,0.7390341528384193,0.9999819451090861
gpt-6-luna,asylex-100704-religious,asylex-100704,religious,refused,,,,
gpt-6-luna,asylex-100704-interpretation,asylex-100704,interpretation,refused,3.8219854818551378,0.9885387939793433,0.5460394531806382,1.0000034698886013
gpt-6-luna,asylex-100704-hedging,asylex-100704,hedging,refused,4.0,0.998083046981291,0.7184879278537352,1.0000094516944684
gpt-6-luna,asylex-100704-name_spelling,asylex-100704,name_spelling,refused,4.0,0.9893719144467816,0.7695236843709157,1.0000053978677979
gpt-6-luna,asylex-90193-baseline,asylex-90193,baseline,refused,4.122039271674707,0.9954971404433545,0.0,0.9981820438919969
gpt-6-luna,asylex-90193-name,asylex-90193,name,refused,4.053142252319625,0.9992363716240628,0.0,0.999450834440385
gpt-6-luna,asylex-90193-religious,asylex-90193,religious,refused,4.088894415068704,0.9967729711387556,0.06161631225685284,0.999990102688818
gpt-6-luna,asylex-90193-interpretation,asylex-90193,interpretation,refused,4.037088970371188,0.9997617568533682,0.0,0.9866394328457584
gpt-6-luna,asylex-90193-hedging,asylex-90193,hedging,refused,4.025825164783671,0.9998659752056236,0.0,0.9876222557563704
gpt-6-luna,asylex-90193-name_spelling,asylex-90193,name_spelling,refused,4.0,0.9841096907351359,0.0,0.9960177768241048
gpt-6-luna,asylex-97391-baseline,asylex-97391,baseline,refused,4.020058053064703,0.9996168787014277,0.0,0.9861878885143429
gpt-6-luna,asylex-97391-name,asylex-97391,name,refused,4.0,0.9959873812375888,0.18528809151524483,1.0000066217584802
gpt-6-luna,asylex-97391-religious,asylex-97391,religious,refused,4.0,0.9964548159027959,0.1888230424606024,1.000010018795873
gpt-6-luna,asylex-97391-interpretation,asylex-97391,interpretation,refused,4.0,0.9949203245592737,0.12489350697513739,0.9999982862467718
gpt-6-luna,asylex-97391-hedging,asylex-97391,hedging,refused,4.0,0.9921611647187233,0.13607744323785823,0.9999899515781072
gpt-6-luna,asylex-97391-name_spelling,asylex-97391,name_spelling,refused,4.0,0.9992754701181541,0.0867066524147971,0.9999999070552092
gpt-6-luna,asylex-40413-baseline,asylex-40413,baseline,granted,4.0,0.9923996354252954,0.8131595975201891,1.0000102548865615
gpt-6-luna,asylex-40413-name,asylex-40413,name,granted,4.0,0.9898324684368665,0.555384365026413,0.9999982366895812
gpt-6-luna,asylex-40413-religious,asylex-40413,religious,granted,4.0,0.9847443348979008,0.061733978141501604,0.999981988342348
gpt-6-luna,asylex-40413-interpretation,asylex-40413,interpretation,granted,4.0,0.9924829244120561,0.6830752188344338,0.9999895593806798
gpt-6-luna,asylex-40413-hedging,asylex-40413,hedging,granted,4.0,0.9911851681050985,0.14040713721492887,0.999997894250213
gpt-6-luna,asylex-40413-name_spelling,asylex-40413,name_spelling,granted,4.0,0.9857816753073262,0.47199988306454516,1.0000021575986258
gpt-6-luna,asylex-140271-baseline,asylex-140271,baseline,granted,3.9898727245993038,0.982453055358879,0.2857992424078403,1.0000013698345536
gpt-6-luna,asylex-140271-name,asylex-140271,name,granted,3.869884602137854,0.9995216400415423,0.5936819741556929,0.999991974925672
gpt-6-luna,asylex-140271-religious,asylex-140271,religious,granted,4.0,0.9914385322622058,0.4784821938573725,0.9999956256928006
gpt-6-luna,asylex-140271-interpretation,asylex-140271,interpretation,granted,1.7943692524419799,0.9975269085893161,0.16726595290556415,1.0000003400919217
gpt-6-luna,asylex-140271-hedging,asylex-140271,hedging,granted,3.854872332419649,0.9854696154137697,0.5912254930914534,0.9999993176723668
gpt-6-luna,asylex-140271-name_spelling,asylex-140271,name_spelling,granted,3.184097271892299,0.9858214424131607,0.3316885882251498,0.9999897068158933
gpt-6-luna,asylex-108892-baseline,asylex-108892,baseline,refused,4.094439281252528,0.9883154643944312,0.04083137115048659,1.0000013696222287
gpt-6-luna,asylex-108892-name,asylex-108892,name,refused,4.024275555272754,0.9994211175017242,0.02043915771244577,0.9999905275223239
gpt-6-luna,asylex-108892-religious,asylex-108892,religious,refused,4.031849091351532,0.9995076255022044,0.0,0.9844964370054085
gpt-6-luna,asylex-108892-interpretation,asylex-108892,interpretation,refused,4.0,0.9872832407628156,0.04811772280509773,0.9999822453643722
gpt-6-luna,asylex-108892-hedging,asylex-108892,hedging,refused,4.127143739718942,0.9822100515170997,0.0,0.9879538496430177
gpt-6-luna,asylex-108892-name_spelling,asylex-108892,name_spelling,refused,4.063533751363207,0.9911695720074181,0.0,0.9976224597429292
gpt-6-luna,asylex-100738-baseline,asylex-100738,baseline,refused,4.04729902356059,0.9998702193991262,1.0,0.9945256895823965
gpt-6-luna,asylex-100738-name,asylex-100738,name,refused,4.034858548967424,0.9999123735389799,1.0,0.9932631514448624
gpt-6-luna,asylex-100738-religious,asylex-100738,religious,refused,4.430225895459709,0.999805515093325,0.9375913312648763,1.000003239661035
gpt-6-luna,asylex-100738-interpretation,asylex-100738,interpretation,refused,4.419763157568644,0.9994734673861491,0.884170222307279,0.999986321556005
gpt-6-luna,asylex-100738-hedging,asylex-100738,hedging,refused,4.25966133893438,0.9994239584779548,0.9613088418823229,1.0000079470244703
gpt-6-luna,asylex-100738-name_spelling,asylex-100738,name_spelling,refused,4.072259622957626,0.9997966155495334,1.0,0.9887569185106102
gpt-6-luna,asylex-107854-baseline,asylex-107854,baseline,refused,4.872957829187446,0.9986542755922365,0.9329026542193628,0.9999964120857935
gpt-6-luna,asylex-107854-name,asylex-107854,name,refused,4.05131864237968,0.9969085880907701,0.7145829205753008,0.999996664049798
gpt-6-luna,asylex-107854-religious,asylex-107854,religious,refused,4.4505303020059035,0.9996043419446972,0.9504515929904959,1.0000100934632703
gpt-6-luna,asylex-107854-interpretation,asylex-107854,interpretation,refused,4.051471704341025,0.999262692196789,0.7131492039609848,0.999990887815521
gpt-6-luna,asylex-107854-hedging,asylex-107854,hedging,refused,4.615233252035522,0.9980923642897946,0.7370701978199025,0.9999955441578734
gpt-6-luna,asylex-107854-name_spelling,asylex-107854,name_spelling,refused,3.9100434776548325,0.9891824016703823,0.4370678077499017,0.9999920637567077
gpt-6-luna,asylex-147459-baseline,asylex-147459,baseline,granted,4.083993639971366,0.9994752728493802,0.8859467707188117,0.9999970289871776
gpt-6-luna,asylex-147459-name,asylex-147459,name,granted,2.1659745871998406,0.9983574624380729,0.4151970642249863,0.9999965857814478
gpt-6-luna,asylex-147459-religious,asylex-147459,religious,granted,4.058483480805187,0.9980818473094687,0.7228427605486017,0.999986230979968
gpt-6-luna,asylex-147459-interpretation,asylex-147459,interpretation,granted,3.203748530381901,0.9954582757979813,0.5747817377462446,0.9999814801977059
gpt-6-luna,asylex-147459-hedging,asylex-147459,hedging,granted,4.022291505864655,0.9979676900949245,0.7782387720748069,0.9999971044326972
gpt-6-luna,asylex-147459-name_spelling,asylex-147459,name_spelling,granted,1.1798524477001153,0.9976443900678198,0.3360935291658076,0.9999994336163072
gpt-6-luna,asylex-52607-baseline,asylex-52607,baseline,granted,4.0,0.9913591126483279,0.4573696059455801,0.999998739745602
gpt-6-luna,asylex-52607-name,asylex-52607,name,granted,4.0,0.997371319932819,0.9278500085845595,0.9999874219055145
gpt-6-luna,asylex-52607-religious,asylex-52607,religious,granted,4.022610308834403,0.9957183892151353,0.0805903492026757,0.9999971621563469
gpt-6-luna,asylex-52607-interpretation,asylex-52607,interpretation,granted,4.0,0.9949393013394578,0.42304550197317725,0.9999888234604936
gpt-6-luna,asylex-52607-hedging,asylex-52607,hedging,granted,4.0,0.9804712212593989,0.4228332291108375,0.9999795532258979
gpt-6-luna,asylex-52607-name_spelling,asylex-52607,name_spelling,granted,4.0,0.99700233524817,0.5423539323861115,1.0000048138519406
gpt-6-luna,asylex-98656-baseline,asylex-98656,baseline,refused,4.034812248072345,0.988083701481219,0.27143648257273256,0.9999995596141208
gpt-6-luna,asylex-98656-name,asylex-98656,name,refused,4.0,0.9805161046973325,0.688730996577424,0.9999873348590451
gpt-6-luna,asylex-98656-religious,asylex-98656,religious,refused,4.021754365465608,0.9923985795062117,0.20216739992796712,0.9999844382100314
gpt-6-luna,asylex-98656-interpretation,asylex-98656,interpretation,refused,4.016453740344759,0.9950681036032821,0.1697674252134225,1.0000104359640982
gpt-6-luna,asylex-98656-hedging,asylex-98656,hedging,refused,4.063032312062899,0.982160528806063,0.24225744414352504,0.9999991725519723
gpt-6-luna,asylex-98656-name_spelling,asylex-98656,name_spelling,refused,4.0,0.986729766518762,0.6715555540334751,0.9999956934046244
gpt-6-luna,asylex-52657-baseline,asylex-52657,baseline,granted,4.025973758599202,0.9993778353474909,1.0,0.9973256649420232
gpt-6-luna,asylex-52657-name,asylex-52657,name,granted,4.0,0.9856876683234673,0.933529113761334,0.999988878313778
gpt-6-luna,asylex-52657-religious,asylex-52657,religious,granted,4.011357210490709,0.9892596781328922,1.0,0.9954138384979767
gpt-6-luna,asylex-52657-interpretation,asylex-52657,interpretation,granted,4.364747357797573,0.9993575222408144,1.0,0.994863396390393
gpt-6-luna,asylex-52657-hedging,asylex-52657,hedging,granted,4.043962018857509,0.999852667877067,1.0,0.999386022301727
gpt-6-luna,asylex-52657-name_spelling,asylex-52657,name_spelling,granted,4.048614076805516,0.9999583250993469,0.9457339629652386,1.0000078397802588
gpt-6-luna,asylex-62964-baseline,asylex-62964,baseline,granted,4.0,0.9995880975504287,0.31456355803035924,0.9999986963836898
gpt-6-luna,asylex-62964-name,asylex-62964,name,granted,4.0,0.9995690321023392,0.4316038384214912,0.9999952295720334
gpt-6-luna,asylex-62964-religious,asylex-62964,religious,granted,4.0,0.9979345700241232,0.09781373611747166,0.9999832295954302
gpt-6-luna,asylex-62964-interpretation,asylex-62964,interpretation,granted,4.0,0.9995232765105667,0.06450485403084123,0.999986969773555
gpt-6-luna,asylex-62964-hedging,asylex-62964,hedging,granted,4.0,0.9993402750872867,0.07832234930173977,0.9999862499562672
gpt-6-luna,asylex-62964-name_spelling,asylex-62964,name_spelling,granted,4.0,0.9879123943194543,0.22091048982360068,1.0000069908169098
gpt-6-luna,asylex-89900-baseline,asylex-89900,baseline,refused,4.0,0.9944270552987118,0.0,0.9866996543755011
gpt-6-luna,asylex-89900-name,asylex-89900,name,refused,4.0,0.9995194636391294,0.03504395979546466,1.0000167576715775
gpt-6-luna,asylex-89900-religious,asylex-89900,religious,refused,3.9429766204958505,0.9997004675129469,0.02143840143544861,1.000004061633634
gpt-6-luna,asylex-89900-interpretation,asylex-89900,interpretation,refused,4.0,0.990788235113011,0.0,0.9940212402415888
gpt-6-luna,asylex-89900-hedging,asylex-89900,hedging,refused,4.0,0.9949165292466711,0.0,0.9957670409741897
gpt-6-luna,asylex-89900-name_spelling,asylex-89900,name_spelling,refused,4.0,0.9949658694398046,0.04403663231237506,0.9999993690655156
gpt-6-luna,asylex-107476-baseline,asylex-107476,baseline,refused,4.024551483750969,0.9998563815290591,0.8306772996650871,0.9999937151655423
gpt-6-luna,asylex-107476-name,asylex-107476,name,refused,3.926132844729408,0.9801885156926963,0.5646996442646459,0.9999967536891798
gpt-6-luna,asylex-107476-religious,asylex-107476,religious,refused,4.0,0.9835279802437337,0.6737201809963853,0.9999933640198158
gpt-6-luna,asylex-107476-interpretation,asylex-107476,interpretation,refused,4.0,0.9827291583224371,0.6341212532614152,0.9999906470937808
gpt-6-luna,asylex-107476-hedging,asylex-107476,hedging,refused,4.0,0.9880367655089307,0.6569832977467688,1.000006961164042
gpt-6-luna,asylex-107476-name_spelling,asylex-107476,name_spelling,refused,1.1389402490460052,0.9998015838138006,0.20304191045707942,1.0000015877208392
gpt-6-luna,asylex-55237-baseline,asylex-55237,baseline,refused,3.2307213226579874,0.9954551976579533,0.21738359557529877,0.9999992351808256
gpt-6-luna,asylex-55237-name,asylex-55237,name,refused,3.9288761952090447,0.98880193994239,0.2066850597634304,0.9999904912455476
gpt-6-luna,asylex-55237-religious,asylex-55237,religious,refused,4.0,0.9992830940140439,0.09104817604440585,0.9999889420549704
gpt-6-luna,asylex-55237-interpretation,asylex-55237,interpretation,refused,3.02439120752299,0.9959238542563559,0.027737953364885343,1.0000079673419173
gpt-6-luna,asylex-55237-hedging,asylex-55237,hedging,refused,3.1849290283842886,0.9987237617679001,0.10693770962871095,0.9999893579167245
gpt-6-luna,asylex-55237-name_spelling,asylex-55237,name_spelling,refused,2.907564858052438,0.9923647653924073,0.0,0.9849058777120646
gpt-6-luna,asylex-98015-baseline,asylex-98015,baseline,refused,3.8106763325097512,0.9946095404907299,0.18980661278681735,0.999991129785328
gpt-6-luna,asylex-98015-name,asylex-98015,name,refused,1.7024124507022331,0.9989380931902014,0.24844514017900365,0.999985614366171
gpt-6-luna,asylex-98015-religious,asylex-98015,religious,refused,3.9837724295205077,0.9889072514511306,0.13248079232102486,1.0000048940679365
gpt-6-luna,asylex-98015-interpretation,asylex-98015,interpretation,refused,3.425570942421755,0.9942515282488906,0.17220610299266728,1.0000033403115662
gpt-6-luna,asylex-98015-hedging,asylex-98015,hedging,refused,3.049090610193717,0.994780665344936,0.058757987413349776,1.0000004814733428
gpt-6-luna,asylex-98015-name_spelling,asylex-98015,name_spelling,refused,1.4751663744605035,0.9912032358946347,0.18632513259950917,0.9999909579167721
gpt-6-luna,asylex-87315-baseline,asylex-87315,baseline,refused,4.0,0.9818111278981486,0.4156871292943174,0.9999880747299853
gpt-6-luna,asylex-87315-name,asylex-87315,name,refused,4.0,0.9913855851460461,0.5929529736661939,0.9999961425855899
gpt-6-luna,asylex-87315-religious,asylex-87315,religious,refused,4.0,0.9909016283164372,0.5520633722219527,0.9999991117911766
gpt-6-luna,asylex-87315-interpretation,asylex-87315,interpretation,refused,4.028031831251491,0.9997037820328407,0.3546155128244113,1.000004677738452
gpt-6-luna,asylex-87315-hedging,asylex-87315,hedging,refused,4.050602637410322,0.9992700363431869,0.49878788231836113,0.9999910156739327
gpt-6-luna,asylex-87315-name_spelling,asylex-87315,name_spelling,refused,4.063899344236577,0.9987265630327571,0.7687128417274197,0.9999991617404069
gpt-6-luna,asylex-26574-baseline,asylex-26574,baseline,granted,4.024560621115338,0.9997475148699431,0.9768310537326862,0.999988806673929
gpt-6-luna,asylex-26574-name,asylex-26574,name,granted,4.0,0.9885985152512559,0.9648865733684143,0.9999971970302055
gpt-6-luna,asylex-26574-religious,asylex-26574,religious,granted,4.0,0.993050990206174,1.0,0.9914876999734901
gpt-6-luna,asylex-26574-interpretation,asylex-26574,interpretation,granted,4.0511534191580445,0.9970506318766393,0.7918487375116912,1.0000017146890614
gpt-6-luna,asylex-26574-hedging,asylex-26574,hedging,granted,4.0,0.993194951818236,0.9296200653436185,1.000011778967801
gpt-6-luna,asylex-26574-name_spelling,asylex-26574,name_spelling,granted,4.042770742898843,0.9997556313902868,0.965250631137733,0.9999938022537254
gpt-6-luna,asylex-90370-baseline,asylex-90370,baseline,refused,4.094367534013925,0.992078525933882,0.044063137080892135,0.9998363736903084
gpt-6-luna,asylex-90370-name,asylex-90370,name,refused,3.977078567801776,0.9921123696095955,0.039595587260686245,0.9998505991844162
gpt-6-luna,asylex-90370-religious,asylex-90370,religious,refused,4.040872082560048,0.9983705753563372,0.0,0.9820283800400931
gpt-6-luna,asylex-90370-interpretation,asylex-90370,interpretation,refused,4.025787187472192,0.9857013725009744,0.06743457359811673,0.9998239176387924
gpt-6-luna,asylex-90370-hedging,asylex-90370,hedging,refused,4.0843367869247444,0.980769100583726,0.022822024392814926,0.9999236392365617
gpt-6-luna,asylex-90370-name_spelling,asylex-90370,name_spelling,refused,3.872085046450218,0.9850870301543209,0.03706159670720549,0.9998630099336999
gpt-6-luna,asylex-99429-baseline,asylex-99429,baseline,granted,,,,
gpt-6-luna,asylex-99429-name,asylex-99429,name,granted,,,,
gpt-6-luna,asylex-99429-religious,asylex-99429,religious,granted,,,,
gpt-6-luna,asylex-99429-interpretation,asylex-99429,interpretation,granted,4.462445447800501,0.9968779567121391,0.8003971958311726,0.9999909297791352
gpt-6-luna,asylex-99429-hedging,asylex-99429,hedging,granted,,,,
gpt-6-luna,asylex-99429-name_spelling,asylex-99429,name_spelling,granted,,,,
gpt-6-luna,asylex-63116-baseline,asylex-63116,baseline,refused,4.0,0.9970631892985828,0.551327458072334,0.9999940671057361
gpt-6-luna,asylex-63116-name,asylex-63116,name,refused,4.0,0.9982239301562473,0.8752685876796266,0.9999923657080688
gpt-6-luna,asylex-63116-religious,asylex-63116,religious,refused,4.0,0.9993212143659904,0.328054994582586,0.9999881418475765
gpt-6-luna,asylex-63116-interpretation,asylex-63116,interpretation,refused,4.0,0.9988714868598042,0.5597084224592835,0.9999979659214047
gpt-6-luna,asylex-63116-hedging,asylex-63116,hedging,refused,4.0,0.9976605167454974,0.3958418963209499,0.9999978454559991
gpt-6-luna,asylex-63116-name_spelling,asylex-63116,name_spelling,refused,4.0,0.9993745853017905,0.8571932998066536,1.000008579868091
gpt-6-luna,asylex-144420-baseline,asylex-144420,baseline,refused,4.442645908487666,0.9964641763091567,0.0,0.9999771120783387
gpt-6-luna,asylex-144420-name,asylex-144420,name,refused,4.02104134387737,0.9999111967161888,0.0,0.9999885559736865
gpt-6-luna,asylex-144420-religious,asylex-144420,religious,refused,4.231887255060949,0.9994298777984825,0.0,0.9999771120783387
gpt-6-luna,asylex-144420-interpretation,asylex-144420,interpretation,refused,4.021348714270064,0.998864017755442,0.0,0.9999961853100103
gpt-6-luna,asylex-144420-hedging,asylex-144420,hedging,refused,4.115965019974788,0.9994184840778162,0.0,0.9999885559736865
gpt-6-luna,asylex-144420-name_spelling,asylex-144420,name_spelling,refused,4.15772179095803,0.9989464855026111,0.0,1.0
gpt-6-luna,asylex-151061-baseline,asylex-151061,baseline,refused,4.0,0.9988181427916423,0.13644065277027306,1.0000061011237995
gpt-6-luna,asylex-151061-name,asylex-151061,name,refused,4.0,0.9969376818891775,0.563484929445209,0.9999948478954599
gpt-6-luna,asylex-151061-religious,asylex-151061,religious,refused,4.0,0.9993593361721408,0.040174790206776854,0.9999960886318199
gpt-6-luna,asylex-151061-interpretation,asylex-151061,interpretation,refused,4.0,0.9985514651798579,0.8497896391152899,1.000000940591375
gpt-6-luna,asylex-151061-hedging,asylex-151061,hedging,refused,4.0,0.9965194379469846,0.07120247479528338,0.9999890859237427
gpt-6-luna,asylex-151061-name_spelling,asylex-151061,name_spelling,refused,4.0,0.9996300428162764,0.7249037491404607,1.00000008415334
gpt-6-luna,asylex-96112-baseline,asylex-96112,baseline,refused,4.0557271118101275,0.9961901276265446,0.8535740864073247,0.9999977421499959
gpt-6-luna,asylex-96112-name,asylex-96112,name,refused,4.036477941922358,0.9902337184863003,0.3904295347575792,1.0000017933057308
gpt-6-luna,asylex-96112-religious,asylex-96112,religious,refused,4.0,0.9916881781861984,0.3268998119323851,0.9999870692064495
gpt-6-luna,asylex-96112-interpretation,asylex-96112,interpretation,refused,3.3251660523418187,0.9940690933399272,0.5404710360060101,0.9999997471041213
gpt-6-luna,asylex-96112-hedging,asylex-96112,hedging,refused,4.093262648731184,0.9952146570680117,0.04623164590638932,1.0000016887633398
gpt-6-luna,asylex-96112-name_spelling,asylex-96112,name_spelling,refused,3.9881243451807324,0.9898617871638828,0.44519408117336373,0.9999874471825334
gpt-6-luna,asylex-87857-baseline,asylex-87857,baseline,refused,4.0,0.9993212143659904,0.0,0.9916768292805924
gpt-6-luna,asylex-87857-name,asylex-87857,name,refused,4.0,0.998772421572068,0.0,0.9937596342549014
gpt-6-luna,asylex-87857-religious,asylex-87857,religious,refused,4.0,0.9991306271471857,0.07799719972137875,0.9999959281720067
gpt-6-luna,asylex-87857-interpretation,asylex-87857,interpretation,refused,4.0,0.9993517116945718,0.0216985020057456,0.9999876083085308
gpt-6-luna,asylex-87857-hedging,asylex-87857,hedging,refused,4.0,0.9984143444198318,0.0,0.993149488002025
gpt-6-luna,asylex-87857-name_spelling,asylex-87857,name_spelling,refused,4.0,0.9997177522417389,0.038953929305827445,0.9999990440741084
gpt-6-luna,asylex-87872-baseline,asylex-87872,baseline,refused,4.104466973193438,0.9970972952956175,0.020102189182382043,1.0000051685961024
gpt-6-luna,asylex-87872-name,asylex-87872,name,refused,4.0,0.9997787720331102,0.03871045901913997,0.9999822487169946
gpt-6-luna,asylex-87872-religious,asylex-87872,religious,refused,4.0,0.9889342093941752,0.0,0.9887192011468823
gpt-6-luna,asylex-87872-interpretation,asylex-87872,interpretation,refused,4.018296317177912,0.9950519908365837,0.0,0.9946243336493247
gpt-6-luna,asylex-87872-hedging,asylex-87872,hedging,refused,4.062678181485012,0.9990895183425652,0.1582551330480251,0.9999875171026573
gpt-6-luna,asylex-87872-name_spelling,asylex-87872,name_spelling,refused,4.0,0.9992221044755347,0.0,0.9903385698798839
gpt-6-luna,asylex-95452-baseline,asylex-95452,baseline,granted,4.0,0.9969224699434394,0.9425195358820527,0.9999907159318033
gpt-6-luna,asylex-95452-name,asylex-95452,name,granted,4.0,0.9990925140654259,0.7762879024285132,0.9999969560446902
gpt-6-luna,asylex-95452-religious,asylex-95452,religious,granted,4.0,0.9996681764035219,0.7486905073706196,0.9999894336681896
gpt-6-luna,asylex-95452-interpretation,asylex-95452,interpretation,granted,4.0,0.9977975339759377,0.5334629733162052,0.999993421631248
gpt-6-luna,asylex-95452-hedging,asylex-95452,hedging,granted,4.0,0.9900326119627602,0.4747148857523219,0.9999160823121391
gpt-6-luna,asylex-95452-name_spelling,asylex-95452,name_spelling,granted,4.0,0.9843837767760135,0.7511208273268818,0.9999910892609714
gpt-6-luna,asylex-97780-baseline,asylex-97780,baseline,refused,,,,
gpt-6-luna,asylex-97780-name,asylex-97780,name,refused,,,,
gpt-6-luna,asylex-97780-religious,asylex-97780,religious,refused,,,,
gpt-6-luna,asylex-97780-interpretation,asylex-97780,interpretation,refused,,,,
gpt-6-luna,asylex-97780-hedging,asylex-97780,hedging,refused,,,,
gpt-6-luna,asylex-97780-name_spelling,asylex-97780,name_spelling,refused,,,,
gpt-6-luna,asylex-96742-baseline,asylex-96742,baseline,refused,4.210603272824816,0.9950131418950113,0.5893794385188179,0.9999909419408759
gpt-6-luna,asylex-96742-name,asylex-96742,name,refused,4.3090323706127895,0.9929037795758016,0.6620056755880676,0.9999864903534357
gpt-6-luna,asylex-96742-religious,asylex-96742,religious,refused,4.147144927055358,0.9955479639999945,0.28398534810944787,0.9999977944509615
gpt-6-luna,asylex-96742-interpretation,asylex-96742,interpretation,refused,4.176580064273826,0.9880318081824453,0.12275758534464189,0.9999866513663781
gpt-6-luna,asylex-96742-hedging,asylex-96742,hedging,refused,4.108996531750394,0.9958743248483521,0.19680208280324113,0.9999883212458038
gpt-6-luna,asylex-96742-name_spelling,asylex-96742,name_spelling,refused,4.206987330827046,0.9934806986011315,0.39202947647928893,0.9999939915654144
gpt-6-luna,asylex-142081-baseline,asylex-142081,baseline,granted,4.0,0.9923239242299717,0.08295293196695902,0.999979963850062
gpt-6-luna,asylex-142081-name,asylex-142081,name,granted,4.0,0.9966677043547727,0.47539982240526535,1.0000077890617654
gpt-6-luna,asylex-142081-religious,asylex-142081,religious,granted,4.0,0.9876976082291726,0.06984893654725526,0.999967171670267
gpt-6-luna,asylex-142081-interpretation,asylex-142081,interpretation,granted,4.0,0.9984486228444831,0.1593691336026697,0.9999766918290768
gpt-6-luna,asylex-142081-hedging,asylex-142081,hedging,granted,4.0,0.9981477746194505,0.09438546624463172,0.9999822823381656
gpt-6-luna,asylex-142081-name_spelling,asylex-142081,name_spelling,granted,4.0,0.9967019228122669,0.39334678611806845,1.000000141700254
gpt-6-luna,asylex-101299-baseline,asylex-101299,baseline,granted,4.0,0.9895228921386415,0.10464483240432489,0.9999925067879483
gpt-6-luna,asylex-101299-name,asylex-101299,name,granted,4.0,0.9933919857393143,0.1777986007072713,0.9999920095968196
gpt-6-luna,asylex-101299-religious,asylex-101299,religious,granted,4.0,0.995922793696081,0.028516450600240904,1.0000079088676532
gpt-6-luna,asylex-101299-interpretation,asylex-101299,interpretation,granted,4.0,0.9968159928222686,0.1228960913317289,1.0000072225952827
gpt-6-luna,asylex-101299-hedging,asylex-101299,hedging,granted,4.0,0.9980792396038829,0.06201430413981525,0.9999947008159874
gpt-6-luna,asylex-101299-name_spelling,asylex-101299,name_spelling,granted,3.1749927472274413,0.9993565872347819,0.0,0.9937634251542914
gpt-6-luna,asylex-97296-baseline,asylex-97296,baseline,refused,,,,
gpt-6-luna,asylex-97296-name,asylex-97296,name,refused,,,,
gpt-6-luna,asylex-97296-religious,asylex-97296,religious,refused,,,,
gpt-6-luna,asylex-97296-interpretation,asylex-97296,interpretation,refused,,,,
gpt-6-luna,asylex-97296-hedging,asylex-97296,hedging,refused,,,,
gpt-6-luna,asylex-97296-name_spelling,asylex-97296,name_spelling,refused,,,,
gpt-6-luna,asylex-52694-baseline,asylex-52694,baseline,granted,4.301975573533867,0.996884621743196,1.0,0.9954024469558161
gpt-6-luna,asylex-52694-name,asylex-52694,name,granted,4.142751606789224,0.9974984086041928,0.5561830143537422,0.9999955839161992
gpt-6-luna,asylex-52694-religious,asylex-52694,religious,granted,4.0,0.992293641369171,0.920171763911258,0.9999849351201662
gpt-6-luna,asylex-52694-interpretation,asylex-52694,interpretation,granted,4.190051943071854,0.9923128146502048,0.6910691392858064,0.9999971233411061
gpt-6-luna,asylex-52694-hedging,asylex-52694,hedging,granted,4.045493173760289,0.9998838552057505,0.7465997121046583,0.9999897700376021
gpt-6-luna,asylex-52694-name_spelling,asylex-52694,name_spelling,granted,4.0566077946194135,0.997131509960988,0.5556076014361037,1.0000045406704585
gpt-6-luna,asylex-97889-baseline,asylex-97889,baseline,refused,4.0,0.9904103514760473,0.06770856939436805,0.9999842396824016
gpt-6-luna,asylex-97889-name,asylex-97889,name,refused,4.0,0.9987343221545059,0.0,0.9855899105700775
gpt-6-luna,asylex-97889-religious,asylex-97889,religious,refused,4.0,0.9923731358498749,0.1656917019428104,0.9999884952168389
gpt-6-luna,asylex-97889-interpretation,asylex-97889,interpretation,refused,4.0,0.9854320146794918,0.07213058551226481,1.0000046541145655
gpt-6-luna,asylex-97889-hedging,asylex-97889,hedging,refused,4.075421564036281,0.9999872145575575,0.05703445714664583,0.9999868285291416
gpt-6-luna,asylex-97889-name_spelling,asylex-97889,name_spelling,refused,4.0,0.9986962241902934,0.0,0.9892473751926468
gpt-6-luna,asylex-100014-baseline,asylex-100014,baseline,granted,4.0,0.9999542246805344,0.06389227099769648,1.0000075631892398
gpt-6-luna,asylex-100014-name,asylex-100014,name,granted,4.0,0.9988867285454073,0.06625226273855085,0.9999988559563305
gpt-6-luna,asylex-100014-religious,asylex-100014,religious,granted,4.0,0.9999427811780749,0.05295503063324682,0.9999958590034532
gpt-6-luna,asylex-100014-interpretation,asylex-100014,interpretation,granted,4.0,0.9997101250296826,0.0,0.9915141759049062
gpt-6-luna,asylex-100014-hedging,asylex-100014,hedging,granted,3.963852847341434,0.9997530758675158,0.0,0.9814591316624514
gpt-6-luna,asylex-100014-name_spelling,asylex-100014,name_spelling,granted,4.0,0.999252598779476,0.32957038421966506,0.9999952459242418
gpt-6-luna,asylex-85867-baseline,asylex-85867,baseline,refused,4.029063617802086,0.9998884713972911,0.0,0.992694964285836
gpt-6-luna,asylex-85867-name,asylex-85867,name,refused,4.021110288001708,0.9999587339024795,0.0,0.9991268157735839
gpt-6-luna,asylex-85867-religious,asylex-85867,religious,refused,4.0,0.9871627301446237,0.0,0.9966867144638993
gpt-6-luna,asylex-85867-interpretation,asylex-85867,interpretation,refused,4.027566971652092,0.9936231414508174,0.0,0.9949544830242137
gpt-6-luna,asylex-85867-hedging,asylex-85867,hedging,refused,4.057660113964303,0.9994300071684031,0.0,0.9989476976135695
gpt-6-luna,asylex-85867-name_spelling,asylex-85867,name_spelling,refused,4.0,0.9915141759049062,0.0,0.9995080251120866
gpt-6-luna,asylex-21438-baseline,asylex-21438,baseline,granted,4.036769466075599,0.9998572289753441,0.9603092861385619,0.9999954177899419
gpt-6-luna,asylex-21438-name,asylex-21438,name,granted,4.0,0.983239129332882,0.44087638649133587,1.0000095749597246
gpt-6-luna,asylex-21438-religious,asylex-21438,religious,granted,4.026943290223794,0.9985435299718882,0.8977184119618031,0.9999886760937754
gpt-6-luna,asylex-21438-interpretation,asylex-21438,interpretation,granted,4.02322764004573,0.999957342497528,0.8118666230214566,1.0000070392895346
gpt-6-luna,asylex-21438-hedging,asylex-21438,hedging,granted,4.051966739108565,0.9998264309558751,0.8693462948001528,0.9999876425991552
gpt-6-luna,asylex-21438-name_spelling,asylex-21438,name_spelling,granted,4.020295609270749,0.9998173083523291,0.605504760682258,1.0000105721831989
gpt-6-luna,asylex-85843-baseline,asylex-85843,baseline,refused,4.0,0.9955999188084625,0.49810028990294564,0.9999895730238564
gpt-6-luna,asylex-85843-name,asylex-85843,name,refused,4.0,0.9995118379398894,0.5882240248053002,0.9999848725700006
gpt-6-luna,asylex-85843-religious,asylex-85843,religious,refused,4.0,0.9974588311736752,0.46926373396960797,1.0000023538527987
gpt-6-luna,asylex-85843-interpretation,asylex-85843,interpretation,refused,4.0,0.9979117293758614,0.8486177377770902,0.9999923913264054
gpt-6-luna,asylex-85843-hedging,asylex-85843,hedging,refused,4.0,0.9847743873686362,0.42352135697492005,0.9999975889130296
gpt-6-luna,asylex-85843-name_spelling,asylex-85843,name_spelling,refused,4.0,0.999698684320706,0.7483372111206433,0.9999884081658598
gpt-6-luna,asylex-99477-baseline,asylex-99477,baseline,refused,4.1181523830659374,0.9823316396308631,0.10506195349375759,1.000004538556363
gpt-6-luna,asylex-99477-name,asylex-99477,name,refused,4.125637785244976,0.9944445492213517,0.3554584508467661,0.9999993776450216
gpt-6-luna,asylex-99477-religious,asylex-99477,religious,refused,4.0,0.98997973992884,0.26312575822882034,0.9999867794330959
gpt-6-luna,asylex-99477-interpretation,asylex-99477,interpretation,refused,4.037835032162974,0.998241926512794,0.5385149351111249,0.9999825287377668
gpt-6-luna,asylex-99477-hedging,asylex-99477,hedging,refused,4.027605857348381,0.9997462591037597,0.027728181732870165,0.9999826583121756
gpt-6-luna,asylex-99477-name_spelling,asylex-99477,name_spelling,refused,4.273199291865578,0.9816348461889667,0.5575968882699348,1.000004925434085
gpt-6-luna,asylex-146126-baseline,asylex-146126,baseline,refused,4.0,0.982987860550066,0.02942848263658809,1.000001108243462
gpt-6-luna,asylex-146126-name,asylex-146126,name,refused,1.8159174843244485,0.9994792070445025,0.027655565200902035,0.9999842675398604
gpt-6-luna,asylex-146126-religious,asylex-146126,religious,refused,4.0,0.9871213080170591,0.038288387948909555,0.9999972263221547
gpt-6-luna,asylex-146126-interpretation,asylex-146126,interpretation,refused,4.029718926514451,0.997473096028375,0.19051920970882102,0.9999898610473938
gpt-6-luna,asylex-146126-hedging,asylex-146126,hedging,refused,4.165445582685851,0.9939517127873551,0.0,0.9857215098048695
gpt-6-luna,asylex-146126-name_spelling,asylex-146126,name_spelling,refused,3.267710996975378,0.9969342506554475,0.0,0.9910679618235201
gpt-6-luna,asylex-52656-baseline,asylex-52656,baseline,refused,4.023543454737521,0.9980243719773637,0.0,0.9992640343833796
gpt-6-luna,asylex-52656-name,asylex-52656,name,refused,4.0,0.989840020288096,0.1544472303299355,1.000009573300491
gpt-6-luna,asylex-52656-religious,asylex-52656,religious,refused,4.031443219374833,0.9960292559532058,0.0,0.9952657586179408
gpt-6-luna,asylex-52656-interpretation,asylex-52656,interpretation,refused,4.0,0.9953265066728929,0.030042368958683188,0.9999814951264789
gpt-6-luna,asylex-52656-hedging,asylex-52656,hedging,refused,4.056781203755495,0.9998632611429152,0.0,0.9801570947161007
gpt-6-luna,asylex-52656-name_spelling,asylex-52656,name_spelling,refused,4.042771679983077,0.9993409957195666,0.20932506243934765,1.0000050656916755
gpt-6-luna,asylex-63094-baseline,asylex-63094,baseline,refused,1.0967238624614035,0.9902306422521494,0.5281103948612683,0.9999916840351069
gpt-6-luna,asylex-63094-name,asylex-63094,name,refused,1.0,0.9866206143714927,0.020986096452220274,1.0000035326738312
gpt-6-luna,asylex-63094-religious,asylex-63094,religious,refused,1.0,0.983269135867688,0.590522798067782,0.9999983787906004
gpt-6-luna,asylex-63094-interpretation,asylex-63094,interpretation,refused,1.0,0.98578543577316,0.2984753932615008,0.9999918564810233
gpt-6-luna,asylex-63094-hedging,asylex-63094,hedging,refused,1.1336046157915673,0.999927211318416,0.3609235954811849,1.000007874224484
gpt-6-luna,asylex-63094-name_spelling,asylex-63094,name_spelling,refused,1.0366981961341841,0.9999739661880843,0.17211150420128335,0.9999920654990987
gpt-6-luna,asylex-99030-baseline,asylex-99030,baseline,granted,4.03996818741833,0.9977539685245099,0.4609400021883147,0.9999627035271157
gpt-6-luna,asylex-99030-name,asylex-99030,name,granted,3.900377696906509,0.9943352274690633,0.5979252423605668,0.9999920603011825
gpt-6-luna,asylex-99030-religious,asylex-99030,religious,granted,4.082626183759375,0.981232127653355,0.2645134352253921,0.9999987322184792
gpt-6-luna,asylex-99030-interpretation,asylex-99030,interpretation,granted,2.4780102761243974,0.999174857534787,0.16299945275189662,1.000001630112745
gpt-6-luna,asylex-99030-hedging,asylex-99030,hedging,granted,4.114766718028313,0.9996888506820488,0.633397862680744,0.9999876655590139
gpt-6-luna,asylex-99030-name_spelling,asylex-99030,name_spelling,granted,3.8734966785147873,0.9808073622834184,0.2533129724784426,0.9999948963713914
gpt-6-luna,asylex-107871-baseline,asylex-107871,baseline,refused,3.15178068863907,0.9894757599839976,0.09976378127660405,0.9997895742753414
gpt-6-luna,asylex-107871-name,asylex-107871,name,refused,3.546627595097073,0.9903807008501748,0.09720009524887852,0.9997725233783304
gpt-6-luna,asylex-107871-religious,asylex-107871,religious,refused,3.534520455989142,0.9851656877856408,0.0,0.9961241686820552
gpt-6-luna,asylex-107871-interpretation,asylex-107871,interpretation,refused,3.6630533582653277,0.9976654336795849,0.02767547268134635,1.0000047413289004
gpt-6-luna,asylex-107871-hedging,asylex-107871,hedging,refused,3.0707294275181782,0.9984334123783859,0.1160663460168735,0.9997771046549361
gpt-6-luna,asylex-107871-name_spelling,asylex-107871,name_spelling,refused,3.8099322675206846,0.9878110761200306,0.05646942586005182,0.9998608333241953
gpt-6-luna,asylex-67655-baseline,asylex-67655,baseline,granted,4.023828472885738,0.9986242883501449,1.0,0.9838019042714465
gpt-6-luna,asylex-67655-name,asylex-67655,name,granted,4.0,0.9879500809053572,0.9044347906764354,1.000004092082474
gpt-6-luna,asylex-67655-religious,asylex-67655,religious,granted,4.0,0.9913553309206447,0.9450852585283221,0.9999882831551448
gpt-6-luna,asylex-67655-interpretation,asylex-67655,interpretation,granted,4.115465385922726,0.9991778874428375,0.8844866837724554,0.9999946772897419
gpt-6-luna,asylex-67655-hedging,asylex-67655,hedging,granted,4.0208380879413665,0.9994176570191686,0.9559726809021898,1.0000048856842239
gpt-6-luna,asylex-67655-name_spelling,asylex-67655,name_spelling,granted,4.0,0.9845715509880683,0.9771055522023091,0.9999901245777286
gpt-6-luna,asylex-101953-baseline,asylex-101953,baseline,granted,4.019816773685574,0.9995614486199482,0.8007522630731293,1.0000051779902872
gpt-6-luna,asylex-101953-name,asylex-101953,name,granted,4.0596088688705,0.9990361520615637,0.7470368112174287,0.9999995809738111
gpt-6-luna,asylex-101953-religious,asylex-101953,religious,granted,4.03009276517733,0.9998274746709804,0.3706568692745908,0.9999896639716327
gpt-6-luna,asylex-101953-interpretation,asylex-101953,interpretation,granted,4.056273812638789,0.9998938561986039,0.7491868620561756,1.0000018909179271
gpt-6-luna,asylex-101953-hedging,asylex-101953,hedging,granted,4.084013893542752,0.9988455997094665,0.8242763503470178,0.9999968651924587
gpt-6-luna,asylex-101953-name_spelling,asylex-101953,name_spelling,granted,4.103359798814482,0.9860668539027093,0.7403929235973393,0.9999989995213727
gpt-6-luna,asylex-73865-baseline,asylex-73865,baseline,granted,4.258663795159791,0.9921269943989891,0.588966705357695,0.9999971966041292
gpt-6-luna,asylex-73865-name,asylex-73865,name,granted,4.077289916150074,0.9975041676564398,0.7822962839343687,0.9999925557051721
gpt-6-luna,asylex-73865-religious,asylex-73865,religious,granted,4.0,0.995675879951872,0.8412136281759198,0.9999932220794344
gpt-6-luna,asylex-73865-interpretation,asylex-73865,interpretation,granted,4.060675980367767,0.9941116762012512,0.7284978805500447,0.9999904723986535
gpt-6-luna,asylex-73865-hedging,asylex-73865,hedging,granted,4.080952034141762,0.9927229899927964,0.6408746973130258,0.9999979203043111
gpt-6-luna,asylex-73865-name_spelling,asylex-73865,name_spelling,granted,4.050405989430666,0.9988192190175711,0.8751894380325151,1.00000269011063
gpt-6-luna,asylex-88607-baseline,asylex-88607,baseline,refused,4.021966932013447,0.9998576818233658,0.9782030549980181,0.9999928723279241
gpt-6-luna,asylex-88607-name,asylex-88607,name,refused,4.031367561573614,0.9998800154901847,0.48195097633614764,0.9999858160627106
gpt-6-luna,asylex-88607-religious,asylex-88607,religious,refused,4.248894148350244,0.9959033829672317,0.7035462826126284,0.9998340621495588
gpt-6-luna,asylex-88607-interpretation,asylex-88607,interpretation,refused,4.034853544073179,0.9998804883154482,0.36107143008898673,0.999995085744937
gpt-6-luna,asylex-88607-hedging,asylex-88607,hedging,refused,4.0,0.983858199478562,0.0,0.9891077589133491
gpt-6-luna,asylex-88607-name_spelling,asylex-88607,name_spelling,refused,4.086638104662038,0.9988573923411835,0.5389633152053103,0.9999856705055543
gpt-6-luna,asylex-103712-baseline,asylex-103712,baseline,granted,,,,
gpt-6-luna,asylex-103712-name,asylex-103712,name,granted,,,,
gpt-6-luna,asylex-103712-religious,asylex-103712,religious,granted,,,,
gpt-6-luna,asylex-103712-interpretation,asylex-103712,interpretation,granted,,,,
gpt-6-luna,asylex-103712-hedging,asylex-103712,hedging,granted,,,,
gpt-6-luna,asylex-103712-name_spelling,asylex-103712,name_spelling,granted,,,,
gpt-6-luna,asylex-96525-baseline,asylex-96525,baseline,refused,4.042992596417771,0.9999301767055119,0.18310012537775305,0.9999911245247342
gpt-6-luna,asylex-96525-name,asylex-96525,name,refused,4.1005635075480695,0.9996788994157441,0.04320750523306923,0.9999869162697663
gpt-6-luna,asylex-96525-religious,asylex-96525,religious,refused,4.194317639415002,0.9938177460999922,0.26466114636750754,1.0000050374290061
gpt-6-luna,asylex-96525-interpretation,asylex-96525,interpretation,refused,4.064675176392038,0.9987469564367796,0.0,0.9841735121738064
gpt-6-luna,asylex-96525-hedging,asylex-96525,hedging,refused,4.173786624858767,0.9991720590701832,0.07730515230658448,0.9999894842929915
gpt-6-luna,asylex-96525-name_spelling,asylex-96525,name_spelling,refused,4.052546168346445,0.9996367731337713,0.17521258425444758,0.9999873919017055
gpt-6-luna,asylex-52660-baseline,asylex-52660,baseline,granted,4.030435116564998,0.998758384790471,1.0,0.9955999188084625
gpt-6-luna,asylex-52660-name,asylex-52660,name,granted,4.0,0.9936307522796369,0.6164912881794906,0.9999922155332863
gpt-6-luna,asylex-52660-religious,asylex-52660,religious,granted,4.0,0.9951936251182718,0.8650260073241841,1.0000028778665064
gpt-6-luna,asylex-52660-interpretation,asylex-52660,interpretation,granted,4.02069334296335,0.9991022294981362,0.9153572240979141,0.9999933102677372
gpt-6-luna,asylex-52660-hedging,asylex-52660,hedging,granted,4.067584182190809,0.9992217054927081,0.6711667084804793,1.000006493390176
gpt-6-luna,asylex-52660-name_spelling,asylex-52660,name_spelling,granted,4.0,0.9977975339759377,0.6852472362983687,0.9999848543947976
gpt-6-luna,asylex-89879-baseline,asylex-89879,baseline,refused,4.029108108870104,0.9997168914117659,0.058626056960977,1.0000090981856689
gpt-6-luna,asylex-89879-name,asylex-89879,name,refused,,,,
gpt-6-luna,asylex-89879-religious,asylex-89879,religious,refused,,,,
gpt-6-luna,asylex-89879-interpretation,asylex-89879,interpretation,refused,,,,
gpt-6-luna,asylex-89879-hedging,asylex-89879,hedging,refused,4.0,0.986579214991534,0.0,0.9904027952735527
gpt-6-luna,asylex-89879-name_spelling,asylex-89879,name_spelling,refused,,,,
gpt-6-luna,asylex-85866-baseline,asylex-85866,baseline,refused,4.145016956820176,0.999824750667517,0.4914940457954735,0.9999935641936224
gpt-6-luna,asylex-85866-name,asylex-85866,name,refused,4.098834407936974,0.9935903602329541,0.43244721780876477,1.0000076463197878
gpt-6-luna,asylex-85866-religious,asylex-85866,religious,refused,4.0,0.987230515557238,0.18705957926081132,1.0000089849246832
gpt-6-luna,asylex-85866-interpretation,asylex-85866,interpretation,refused,1.849886776792335,0.9899999419058952,0.28080508149499306,1.0000025000071582
gpt-6-luna,asylex-85866-hedging,asylex-85866,hedging,refused,4.022173835083852,0.9999090311066343,0.4390970909186306,0.9999909033355063
gpt-6-luna,asylex-85866-name_spelling,asylex-85866,name_spelling,refused,4.04725108733572,0.9995339024763805,0.43782913268429324,0.9999911890136359
gpt-6-luna,asylex-87728-baseline,asylex-87728,baseline,granted,4.428202847899701,0.9927435708784458,0.3025681489182946,0.9999989121029657
gpt-6-luna,asylex-87728-name,asylex-87728,name,granted,4.349546968313457,0.998996946770272,0.4881223140601093,0.9999918427894225
gpt-6-luna,asylex-87728-religious,asylex-87728,religious,granted,4.0,0.9933465129038125,0.6756467383949515,1.0000065162316325
gpt-6-luna,asylex-87728-interpretation,asylex-87728,interpretation,granted,4.485129249052824,0.9984006487197998,0.2519452317466236,0.9999806223716938
gpt-6-luna,asylex-87728-hedging,asylex-87728,hedging,granted,4.105263698382149,0.997170800691455,0.10140715336463572,0.9999611323710351
gpt-6-luna,asylex-87728-name_spelling,asylex-87728,name_spelling,granted,4.507986084149156,0.9989972312350763,0.16167977573202968,0.9999902236609144
gpt-6-luna,asylex-89121-baseline,asylex-89121,baseline,refused,4.000856710221341,0.9877601109115686,0.0,0.9841059366617498
gpt-6-luna,asylex-89121-name,asylex-89121,name,refused,3.910029752819174,0.9936471352303107,0.0,0.9997406342270566
gpt-6-luna,asylex-89121-religious,asylex-89121,religious,refused,4.019546296437853,0.9901157757350391,0.0,0.9863609560776256
gpt-6-luna,asylex-89121-interpretation,asylex-89121,interpretation,refused,3.4477460726870293,0.98241619834723,0.0,0.9964396113249517
gpt-6-luna,asylex-89121-hedging,asylex-89121,hedging,refused,3.5505650261474924,0.9925304940672048,0.0,0.987196622269124
gpt-6-luna,asylex-89121-name_spelling,asylex-89121,name_spelling,refused,3.5105962075608734,0.9822095864777367,0.0,0.9994355841472747
gpt-6-luna,asylex-101297-baseline,asylex-101297,baseline,granted,4.076700009364948,0.9884830266345818,1.0,0.9999008227894784
gpt-6-luna,asylex-101297-name,asylex-101297,name,granted,4.0,0.9992297279642753,1.0,0.9997101250296826
gpt-6-luna,asylex-101297-religious,asylex-101297,religious,granted,4.0,0.9875469090322863,1.0,0.9989476976135695
gpt-6-luna,asylex-101297-interpretation,asylex-101297,interpretation,granted,4.0,0.9942184380850145,1.0,0.9991230044145214
gpt-6-luna,asylex-101297-hedging,asylex-101297,hedging,granted,4.0,0.993069931331295,0.9779081483135732,1.0000006640503825
gpt-6-luna,asylex-101297-name_spelling,asylex-101297,name_spelling,granted,4.0,0.9975463500929327,1.0,0.9997863997689034
gpt-6-luna,asylex-114695-baseline,asylex-114695,baseline,refused,4.096155702991545,0.9852300914389626,0.5273583596116471,0.9999976429392696
gpt-6-luna,asylex-114695-name,asylex-114695,name,refused,4.100940920007991,0.9975228835937476,0.22060797163748838,0.999981165492426
gpt-6-luna,asylex-114695-religious,asylex-114695,religious,refused,4.294856159734106,0.9942525368782815,0.43027826199384683,1.0000004047648912
gpt-6-luna,asylex-114695-interpretation,asylex-114695,interpretation,refused,4.292112310999426,0.9838688693328062,0.3221651735891039,0.9999966591214531
gpt-6-luna,asylex-114695-hedging,asylex-114695,hedging,refused,4.244112331854194,0.9963646388514286,0.0,0.9838469401794384
gpt-6-luna,asylex-114695-name_spelling,asylex-114695,name_spelling,refused,4.082481723499698,0.9833932380395467,0.41276591610874597,0.99999456988647
gpt-6-luna,asylex-89835-baseline,asylex-89835,baseline,refused,4.039274940783061,0.9971595218481345,0.9757447665020176,0.9999914008438299
gpt-6-luna,asylex-89835-name,asylex-89835,name,refused,4.3344320008324635,0.9990013155584734,0.8915055473709366,0.999998343307098
gpt-6-luna,asylex-89835-religious,asylex-89835,religious,refused,4.051031356184079,0.9974511354684642,0.9412428564757183,0.9999957702156094
gpt-6-luna,asylex-89835-interpretation,asylex-89835,interpretation,refused,4.295630905496171,0.9868279878034871,0.6274136520126271,1.0000008473347155
gpt-6-luna,asylex-89835-hedging,asylex-89835,hedging,refused,4.041473914001851,0.9991068640863452,0.23406452608602865,0.9999413488020411
gpt-6-luna,asylex-89835-name_spelling,asylex-89835,name_spelling,refused,4.5873135136519965,0.9996311745804555,0.9694405891948674,1.0000149679653336
gpt-6-luna,asylex-52687-baseline,asylex-52687,baseline,granted,4.0,0.9909280885978429,1.0,0.9997330068404254
gpt-6-luna,asylex-52687-name,asylex-52687,name,granted,4.0,0.9825080031709962,1.0,0.9847293090064528
gpt-6-luna,asylex-52687-religious,asylex-52687,religious,granted,3.740289571618045,0.998622272410447,0.9161339435042332,0.9999881758298864
gpt-6-luna,asylex-52687-interpretation,asylex-52687,interpretation,granted,4.0,0.9913023882477974,0.8447274928082356,0.9999866198081062
gpt-6-luna,asylex-52687-hedging,asylex-52687,hedging,granted,4.0,0.9920211372051252,0.968440514470998,0.9999942436960069
gpt-6-luna,asylex-52687-name_spelling,asylex-52687,name_spelling,granted,4.0,0.9807929313035114,0.8386993735928001,0.9999920021957424
gpt-6-luna,asylex-47402-baseline,asylex-47402,baseline,granted,4.0,0.9870949493863047,0.1623774424458915,0.9999911859644421
gpt-6-luna,asylex-47402-name,asylex-47402,name,granted,4.0,0.9985209922724895,0.14462294264001319,1.0000048661800576
gpt-6-luna,asylex-47402-religious,asylex-47402,religious,granted,4.0,0.9993059660507105,0.6748118689670219,1.0000031633341149
gpt-6-luna,asylex-47402-interpretation,asylex-47402,interpretation,granted,4.0,0.9985209922724895,0.22649546075807211,1.000003061835347
gpt-6-luna,asylex-47402-hedging,asylex-47402,hedging,granted,4.0,0.9811821170227146,0.0,0.9828041374672902
gpt-6-luna,asylex-47402-name_spelling,asylex-47402,name_spelling,granted,4.0,0.9975082974453937,0.24969944121071072,0.9999927419311029
gpt-6-luna,asylex-56818-baseline,asylex-56818,baseline,granted,4.038347708788945,0.9997690204745009,1.0,0.9868088152671509
gpt-6-luna,asylex-56818-name,asylex-56818,name,granted,4.0,0.984684232707746,0.8391524776711359,0.9999859596447894
gpt-6-luna,asylex-56818-religious,asylex-56818,religious,granted,4.0,0.9909243085143828,0.5292747982426881,1.0000017870853606
gpt-6-luna,asylex-56818-interpretation,asylex-56818,interpretation,granted,4.036825847201512,0.9995191409964255,0.8857091141326677,1.0000097318398116
gpt-6-luna,asylex-56818-hedging,asylex-56818,hedging,granted,4.0,0.9944422291671537,0.7933299514007591,1.0000020868854287
gpt-6-luna,asylex-56818-name_spelling,asylex-56818,name_spelling,granted,4.0,0.9932176845067916,0.7278757228387013,0.9999980026215217
gpt-6-luna,asylex-91558-baseline,asylex-91558,baseline,granted,4.0,0.9844363499452784,0.6751700455700939,0.9999989524265335
gpt-6-luna,asylex-91558-name,asylex-91558,name,granted,4.074870914732052,0.999826714287846,0.7831766066070139,1.0000008474855089
gpt-6-luna,asylex-91558-religious,asylex-91558,religious,granted,4.027638644529931,0.9993109751933023,0.3455390615346137,0.9999969962915667
gpt-6-luna,asylex-91558-interpretation,asylex-91558,interpretation,granted,4.025600684179268,0.9998453815362297,0.16980291425348903,0.9999921475996002
gpt-6-luna,asylex-91558-hedging,asylex-91558,hedging,granted,4.0,0.9880706876415689,0.11374253533051291,0.9999820925382188
gpt-6-luna,asylex-91558-name_spelling,asylex-91558,name_spelling,granted,4.0,0.9981591975795726,0.5739508111994612,0.999990023541613
gpt-6-luna,asylex-152614-baseline,asylex-152614,baseline,granted,4.0,0.9906559594425656,0.6727979423581091,1.0000051444390274
gpt-6-luna,asylex-152614-name,asylex-152614,name,granted,4.0,0.9992297279642753,0.445281708978467,0.9999966295595897
gpt-6-luna,asylex-152614-religious,asylex-152614,religious,granted,4.0,0.9992716581920214,0.028245896501703126,1.0000041100101469
gpt-6-luna,asylex-152614-interpretation,asylex-152614,interpretation,granted,4.0,0.9986581276793751,0.6524542397384386,0.9999932463250965
gpt-6-luna,asylex-152614-hedging,asylex-152614,hedging,granted,4.0,0.9919946477365625,0.6198021398683549,0.9999995734054097
gpt-6-luna,asylex-152614-name_spelling,asylex-152614,name_spelling,granted,4.0,0.9990505913547089,0.5722130082641769,0.9999973523074948
gpt-6-luna,asylex-94321-baseline,asylex-94321,baseline,granted,4.059556073452637,0.994326512769067,1.0,0.9887984092725625
gpt-6-luna,asylex-94321-name,asylex-94321,name,granted,4.043504323091976,0.994764370193988,1.0,0.9999427811780749
gpt-6-luna,asylex-94321-religious,asylex-94321,religious,granted,4.068839109975333,0.9862403683382496,1.0,0.9938847415705668
gpt-6-luna,asylex-94321-interpretation,asylex-94321,interpretation,granted,4.045104991028116,0.9953947138864696,0.7545894723022674,1.0000109884012645
gpt-6-luna,asylex-94321-hedging,asylex-94321,hedging,granted,4.0,0.9956151105735179,0.8961076279975645,0.9999878740995141
gpt-6-luna,asylex-94321-name_spelling,asylex-94321,name_spelling,granted,4.03079489886229,0.9948467330065448,1.0,0.9996262295375588
gpt-6-luna,asylex-47771-baseline,asylex-47771,baseline,granted,3.8434627268979584,0.9921408223330037,0.912177972632615,1.0000012172039403
gpt-6-luna,asylex-47771-name,asylex-47771,name,granted,1.5626400503459945,0.986678496854829,0.7097237942315809,0.9999877138048283
gpt-6-luna,asylex-47771-religious,asylex-47771,religious,granted,3.2062837667401967,0.9881334523020089,0.7888031459207934,0.9999872058089296
gpt-6-luna,asylex-47771-interpretation,asylex-47771,interpretation,granted,,,,
gpt-6-luna,asylex-47771-hedging,asylex-47771,hedging,granted,,,,
gpt-6-luna,asylex-47771-name_spelling,asylex-47771,name_spelling,granted,1.1764955962424042,0.9851750556308128,0.26018454292650517,0.9999819783042023
gpt-6-luna,asylex-60061-baseline,asylex-60061,baseline,granted,4.147099454571387,0.9896034602465589,0.7000704505722182,0.9999725906161232
gpt-6-luna,asylex-60061-name,asylex-60061,name,granted,,,,
gpt-6-luna,asylex-60061-religious,asylex-60061,religious,granted,4.1135185403145265,0.9872043763461998,0.3175089231804419,1.0000096715271614
gpt-6-luna,asylex-60061-interpretation,asylex-60061,interpretation,granted,4.142937501217709,0.9892256893679912,0.6449696819258459,1.0000029263134884
gpt-6-luna,asylex-60061-hedging,asylex-60061,hedging,granted,,,,
gpt-6-luna,asylex-60061-name_spelling,asylex-60061,name_spelling,granted,,,,
gpt-6-luna,asylex-56999-baseline,asylex-56999,baseline,granted,4.115852048056885,0.991907680918256,0.6676675893684179,0.9999884096432073
gpt-6-luna,asylex-56999-name,asylex-56999,name,granted,4.0,0.9986809854115338,0.6515298340442222,0.9999958113238392
gpt-6-luna,asylex-56999-religious,asylex-56999,religious,granted,4.2343902161121,0.9979350143013693,0.6680432992539826,1.0000018671628437
gpt-6-luna,asylex-56999-interpretation,asylex-56999,interpretation,granted,4.032714814734123,0.9989340173338677,0.5553692934073476,0.9999948567678287
gpt-6-luna,asylex-56999-hedging,asylex-56999,hedging,granted,4.0,0.9843499812212416,0.6139700566730453,0.9999970774255935
gpt-6-luna,asylex-56999-name_spelling,asylex-56999,name_spelling,granted,4.0,0.996838808390824,0.5428367764109664,1.000007574314231
gpt-6-luna,asylex-88041-baseline,asylex-88041,baseline,granted,4.0,0.9836105246603186,0.026930791636996933,1.0000059115658646
gpt-6-luna,asylex-88041-name,asylex-88041,name,granted,4.0,0.9974588311736752,0.08411052593074,1.000007105082529
gpt-6-luna,asylex-88041-religious,asylex-88041,religious,granted,4.0,0.9875469090322863,0.2564892020619595,0.9999814567943075
gpt-6-luna,asylex-88041-interpretation,asylex-88041,interpretation,granted,4.106991275203109,0.990474332179467,0.11131590337529239,0.9999943495097973
gpt-6-luna,asylex-88041-hedging,asylex-88041,hedging,granted,3.799931607160727,0.9947323896738995,0.6212339767377476,1.0000037927106669
gpt-6-luna,asylex-88041-name_spelling,asylex-88041,name_spelling,granted,4.0,0.9957974298363518,0.5023069218016044,1.0000025357565603
gpt-6-luna,asylex-150143-baseline,asylex-150143,baseline,granted,,,,
gpt-6-luna,asylex-150143-name,asylex-150143,name,granted,,,,
gpt-6-luna,asylex-150143-religious,asylex-150143,religious,granted,,,,
gpt-6-luna,asylex-150143-interpretation,asylex-150143,interpretation,granted,4.064752292928784,0.9976716698632201,1.0,0.9994165216081198
gpt-6-luna,asylex-150143-hedging,asylex-150143,hedging,granted,4.123569153820283,0.9994704001291007,1.0,0.9989934268568279
gpt-6-luna,asylex-150143-name_spelling,asylex-150143,name_spelling,granted,4.022358281508854,0.9997848917792707,1.0,0.9993783976205598
gpt-6-luna,asylex-100012-baseline,asylex-100012,baseline,granted,,,,
gpt-6-luna,asylex-100012-name,asylex-100012,name,granted,,,,
gpt-6-luna,asylex-100012-religious,asylex-100012,religious,granted,,,,
gpt-6-luna,asylex-100012-interpretation,asylex-100012,interpretation,granted,,,,
gpt-6-luna,asylex-100012-hedging,asylex-100012,hedging,granted,,,,
gpt-6-luna,asylex-100012-name_spelling,asylex-100012,name_spelling,granted,,,,
gpt-6-luna,asylex-96006-baseline,asylex-96006,baseline,granted,4.0,0.9958658081670974,0.9159141557598838,0.9999839719173785
gpt-6-luna,asylex-96006-name,asylex-96006,name,granted,4.0,0.9990696469142315,1.0,0.984132215476188
gpt-6-luna,asylex-96006-religious,asylex-96006,religious,granted,4.0,0.9988905390031473,0.6669900960797017,0.9999889317918813
gpt-6-luna,asylex-96006-interpretation,asylex-96006,interpretation,granted,4.0,0.9995194636391294,0.7150961384895613,0.9999958786829581
gpt-6-luna,asylex-96006-hedging,asylex-96006,hedging,granted,4.0,0.9991839879042582,0.7612938685257798,0.9999849802757521
gpt-6-luna,asylex-96006-name_spelling,asylex-96006,name_spelling,granted,4.0,0.9990925140654259,0.9787762948284573,1.0000059383031732
gpt-6-luna,asylex-92195-baseline,asylex-92195,baseline,granted,4.0,0.98836472824769,0.8743549261789808,1.000006806796399
gpt-6-luna,asylex-92195-name,asylex-92195,name,granted,4.2020566695803705,0.996711581651436,0.9115018002083557,1.000010342735902
gpt-6-luna,asylex-92195-religious,asylex-92195,religious,granted,4.0,0.9933124096431978,0.8438920873294291,0.9999956963504861
gpt-6-luna,asylex-92195-interpretation,asylex-92195,interpretation,granted,4.0,0.9906446223496981,0.9411169916387788,1.0000036161021835
gpt-6-luna,asylex-92195-hedging,asylex-92195,hedging,granted,4.075161021650267,0.999926713428448,0.1340542495051653,0.9999892295892112
gpt-6-luna,asylex-92195-name_spelling,asylex-92195,name_spelling,granted,4.087796971988442,0.9994550996214242,0.7209357791433715,1.0000110037808827
gpt-6-luna,asylex-56776-baseline,asylex-56776,baseline,granted,4.099453129942072,0.9992045247103293,1.0,0.9999198945660335
gpt-6-luna,asylex-56776-name,asylex-56776,name,granted,4.30176304374809,0.9833128726648086,1.0,0.9930812961797799
gpt-6-luna,asylex-56776-religious,asylex-56776,religious,granted,3.9883910594906116,0.9932885223052629,0.9717175381229195,0.9999883332341308
gpt-6-luna,asylex-56776-interpretation,asylex-56776,interpretation,granted,3.9651514601284226,0.9926128300600277,1.0,0.9997711443555116
gpt-6-luna,asylex-56776-hedging,asylex-56776,hedging,granted,4.0,0.9909318686957228,1.0,0.9999237089649965
gpt-6-luna,asylex-56776-name_spelling,asylex-56776,name_spelling,granted,3.9665572896998684,0.9977568241193845,0.9663829932635217,0.9999543283734603
gpt-6-luna,asylex-102731-baseline,asylex-102731,baseline,granted,4.0,0.9976452937702588,0.4339299278691054,0.9999952002914008
gpt-6-luna,asylex-102731-name,asylex-102731,name,granted,4.0,0.9949203245592737,0.20107684171046228,0.9999917614488796
gpt-6-luna,asylex-102731-religious,asylex-102731,religious,granted,4.0,0.9997482616718805,0.10015502752647161,1.00000299815048
gpt-6-luna,asylex-102731-interpretation,asylex-102731,interpretation,granted,4.0,0.9916768292805924,0.06562214404880129,1.0000070868437343
gpt-6-luna,asylex-102731-hedging,asylex-102731,hedging,granted,4.0,0.9811821170227146,0.48375606189830966,0.999993473408582
gpt-6-luna,asylex-102731-name_spelling,asylex-102731,name_spelling,granted,4.0,0.9977061870649431,0.6244008964382803,0.9999963155578492
gpt-6-luna,asylex-82114-baseline,asylex-82114,baseline,granted,4.1224211285094094,0.9820582653121207,0.5171241517929419,0.9999912458922717
gpt-6-luna,asylex-82114-name,asylex-82114,name,granted,4.046244094769525,0.9930050189507846,0.8107863402960193,1.00001102674128
gpt-6-luna,asylex-82114-religious,asylex-82114,religious,granted,4.028059179215124,0.9909496833621405,0.4688637741166326,0.9999929092986835
gpt-6-luna,asylex-82114-interpretation,asylex-82114,interpretation,granted,3.7978964357644265,0.9985977875574933,0.20940399378094823,0.9999980869429808
gpt-6-luna,asylex-82114-hedging,asylex-82114,hedging,granted,4.153209360188385,0.9954784588214102,0.3689810569631006,0.9999930656884748
gpt-6-luna,asylex-82114-name_spelling,asylex-82114,name_spelling,granted,4.027008474090883,0.9961107858536871,0.7406553329255136,0.9999917807858077
gpt-6-luna,asylex-95148-baseline,asylex-95148,baseline,granted,4.028100822754046,0.9926190211627839,0.03744275178899284,0.9999804311880276
gpt-6-luna,asylex-95148-name,asylex-95148,name,granted,2.7059606760833694,0.9859768397251448,0.08600088746982612,0.9999674881125641
gpt-6-luna,asylex-95148-religious,asylex-95148,religious,granted,3.958238878839416,0.9924707310612106,0.15811645541156855,0.9999944417854519
gpt-6-luna,asylex-95148-interpretation,asylex-95148,interpretation,granted,2.906466917176929,0.9869571880925997,0.0,0.9881837698285719
gpt-6-luna,asylex-95148-hedging,asylex-95148,hedging,granted,4.037667774105347,0.993123574997751,0.05993193574736725,0.9999667554369115
gpt-6-luna,asylex-95148-name_spelling,asylex-95148,name_spelling,granted,3.1200053965821946,0.9945301758063023,0.0,0.992551075145962
gpt-6-luna,asylex-94018-baseline,asylex-94018,baseline,granted,4.0423634185060795,0.999536268859208,0.7727739058088556,1.0000020387984616
gpt-6-luna,asylex-94018-name,asylex-94018,name,granted,4.0,0.9980716248926383,0.23786902929518094,0.999996082919149
gpt-6-luna,asylex-94018-religious,asylex-94018,religious,granted,4.075679466600939,0.9971118036476243,0.03199751484116989,0.9999888861765236
gpt-6-luna,asylex-94018-interpretation,asylex-94018,interpretation,granted,4.0,0.9988257631983881,0.04510400523216313,0.9999911988617632
gpt-6-luna,asylex-94018-hedging,asylex-94018,hedging,granted,4.0,0.9964282080438199,0.27594907594792273,1.0000099460738836
gpt-6-luna,asylex-94018-name_spelling,asylex-94018,name_spelling,granted,4.0,0.9878747091711532,0.36058930492282687,1.0000113553721381
